<?xml version="1.0" encoding="UTF-8"?><block classType="Class" hasChild="true" hasLink="true" humanType="Block" icon="model_files/icon_block_1735089292.jpg" name="Conveyor-control-example" owner="_18_5_3_4100178_1528052652126_224371_44298" refid="_18_5_3_4100178_1528052652168_71540_44414"><ownedElement><diagram classType="Diagram" diagramType="sysmlinternalblockdiagram" hasLink="false" humanType="Diagram" icon="model_files/icon_SysML Internal Block Diagram_1206291868.jpg" name="Conveyor-control-example" owner="_18_5_3_4100178_1528052652168_71540_44414" refid="_18_5_3_4100178_1528052652196_770712_44556"/><connector classType="Connector" hasChild="true" hasLink="false" humanType="Connector" icon="model_files/icon_connector_2065886345.jpg" isRelationship="true" name="Connector[PLC1.ant - network.ant]" owner="_18_5_3_4100178_1528052652168_71540_44414" refid="_18_5_3_4100178_1528052652181_394761_44457"/><connector classType="Connector" hasChild="true" hasLink="false" humanType="Connector" icon="model_files/icon_connector_2065886345.jpg" isRelationship="true" name="Connector[proximitySensor1.ant - network.ant]" owner="_18_5_3_4100178_1528052652168_71540_44414" refid="_18_5_3_4100178_1528052652182_869260_44462"/><connector classType="Connector" hasChild="true" hasLink="false" humanType="Connector" icon="model_files/icon_connector_2065886345.jpg" isRelationship="true" name="Connector[motorDrive.ant - network.ant]" owner="_18_5_3_4100178_1528052652168_71540_44414" refid="_18_5_3_4100178_1528052652182_958292_44460"/><partproperty classType="Property" hasLink="false" humanType="Part Property" icon="model_files/icon_partproperty_285660077.jpg" name="motorDrive : Wireless Device" owner="_18_5_3_4100178_1528052652168_71540_44414" refid="_18_5_3_4100178_1528052652206_778465_44577"/><partproperty classType="Property" hasLink="false" humanType="Part Property" icon="model_files/icon_partproperty_285660077.jpg" name="network : IWN" owner="_18_5_3_4100178_1528052652168_71540_44414" refid="_18_5_3_4100178_1528052652206_285235_44580"/><partproperty classType="Property" hasLink="false" humanType="Part Property" icon="model_files/icon_partproperty_285660077.jpg" name="PLC1 : Wireless Device" owner="_18_5_3_4100178_1528052652168_71540_44414" refid="_18_5_3_4100178_1528052652206_64572_44578"/><partproperty classType="Property" hasLink="false" humanType="Part Property" icon="model_files/icon_partproperty_285660077.jpg" name="proximitySensor1 : Wireless Device" owner="_18_5_3_4100178_1528052652168_71540_44414" refid="_18_5_3_4100178_1528052652206_658877_44579"/></ownedElement></block>