<?xml version="1.0" encoding="UTF-8"?><package classType="Package" hasChild="true" hasLink="false" humanType="Package" icon="model_files/icon_package_1120670624.jpg" name="Radio Constraints" owner="_18_5_3_4100178_1530480919690_89994_16286" refid="_18_5_3_4100178_1528249592325_203661_21885"><ownedElement><diagram classType="Diagram" diagramType="sysmlblockdefinitiondiagram" hasLink="false" humanType="Diagram" icon="model_files/icon_SysML Block Definition Diagram_15640378.jpg" name="radio-impairments" owner="_18_5_3_4100178_1528249592325_203661_21885" refid="_18_5_3_4100178_1528249630922_601870_21982"/><constraintblock classType="Class" hasChild="true" hasLink="false" humanType="Constraint Block" icon="model_files/icon_constraintblock_1340540170.jpg" name="AddJ" owner="_18_5_3_4100178_1528249592325_203661_21885" refid="_18_5_3_4100178_1530915413183_322626_17072"/><constraintblock classType="Class" hasChild="true" hasLink="false" humanType="Constraint Block" icon="model_files/icon_constraintblock_1340540170.jpg" name="MultiPath" owner="_18_5_3_4100178_1528249592325_203661_21885" refid="_18_5_3_4100178_1528249776322_68548_22136"/><constraintblock classType="Class" hasChild="true" hasLink="false" humanType="Constraint Block" icon="model_files/icon_constraintblock_1340540170.jpg" name="PathLoss" owner="_18_5_3_4100178_1528249592325_203661_21885" refid="_18_5_3_4100178_1528249942390_491281_22167"/><constraintblock classType="Class" hasChild="true" hasLink="false" humanType="Constraint Block" icon="model_files/icon_constraintblock_1340540170.jpg" name="RadioChannel" owner="_18_5_3_4100178_1528249592325_203661_21885" refid="_18_5_3_4100178_1530917458076_22094_18027"/><association classType="Association" hasChild="true" hasLink="false" humanType="Association" icon="model_files/icon_association_1378539516.jpg" isRelationship="true" name="Association[RadioChannel -&gt; pathLoss:PathLoss]" owner="_18_5_3_4100178_1528249592325_203661_21885" refid="_18_5_3_4100178_1530917491206_86867_18067"/><association classType="Association" hasChild="true" hasLink="false" humanType="Association" icon="model_files/icon_association_1378539516.jpg" isRelationship="true" name="Association[RadioChannel -&gt; multiPath:MultiPath]" owner="_18_5_3_4100178_1528249592325_203661_21885" refid="_18_5_3_4100178_1530917495303_845241_18097"/><association classType="Association" hasChild="true" hasLink="false" humanType="Association" icon="model_files/icon_association_1378539516.jpg" isRelationship="true" name="Association[RadioChannel -&gt; interference:AddJ]" owner="_18_5_3_4100178_1528249592325_203661_21885" refid="_18_5_3_4100178_1530917500201_95044_18127"/></ownedElement></package>