<?xml version="1.0" encoding="UTF-8"?><block classType="Class" hasChild="true" hasLink="true" humanType="Block" icon="model_files/icon_block_1899727736.jpg" name="Clock" owner="_18_5_3_4100178_1528723141765_66221_22366" refid="_18_5_3_4100178_1528723178588_208020_22368"><ownedElement><diagram classType="Diagram" diagramType="sysmlinternalblockdiagram" hasLink="false" humanType="Diagram" icon="model_files/icon_SysML Internal Block Diagram_1808374818.jpg" name="Clock" owner="_18_5_3_4100178_1528723178588_208020_22368" refid="_18_5_3_4100178_1528725751706_703427_51733"/><diagram classType="Diagram" diagramType="sysmlparametricdiagram" hasLink="false" humanType="Diagram" icon="model_files/icon_SysML Parametric Diagram_1387640845.jpg" name="Clock" owner="_18_5_3_4100178_1528723178588_208020_22368" refid="_18_5_3_4100178_1528726671856_346561_52257"/><connector classType="Connector" hasChild="true" hasLink="false" humanType="Connector" icon="model_files/icon_connector_2065886345.jpg" isRelationship="true" name="Connector[time - t]" owner="_18_5_3_4100178_1528723178588_208020_22368" refid="_18_5_3_4100178_1528726762311_355064_52490"/><bindingconnector classType="Connector" hasChild="true" hasLink="false" humanType="Binding Connector" icon="model_files/icon_bindingconnector_61509201.jpg" isRelationship="true" name="Binding Connector[perf.accuracy - accuracy]" owner="_18_5_3_4100178_1528723178588_208020_22368" refid="_18_5_3_4100178_1531356359099_985397_30414"/><bindingconnector classType="Connector" hasChild="true" hasLink="false" humanType="Binding Connector" icon="model_files/icon_bindingconnector_61509201.jpg" isRelationship="true" name="Binding Connector[perf.drift - drift]" owner="_18_5_3_4100178_1528723178588_208020_22368" refid="_18_5_3_4100178_1531356361608_470502_30434"/><bindingconnector classType="Connector" hasChild="true" hasLink="false" humanType="Binding Connector" icon="model_files/icon_bindingconnector_61509201.jpg" isRelationship="true" name="Binding Connector[perf.Precision - precision]" owner="_18_5_3_4100178_1528723178588_208020_22368" refid="_18_5_3_4100178_1531356364965_313377_30454"/><bindingconnector classType="Connector" hasChild="true" hasLink="false" humanType="Binding Connector" icon="model_files/icon_bindingconnector_61509201.jpg" isRelationship="true" name="Binding Connector[perf.Jitter - jitter]" owner="_18_5_3_4100178_1528723178588_208020_22368" refid="_18_5_3_4100178_1531356367514_710883_30474"/><bindingconnector classType="Connector" hasChild="true" hasLink="false" humanType="Binding Connector" icon="model_files/icon_bindingconnector_61509201.jpg" isRelationship="true" name="Binding Connector[perf.T - time]" owner="_18_5_3_4100178_1528723178588_208020_22368" refid="_18_5_3_4100178_1531356383318_352068_30494"/><valueproperty classType="Property" hasLink="false" humanType="Value Property" icon="model_files/icon_valueproperty_235967266.jpg" name="accuracy : time[second]" owner="_18_5_3_4100178_1528723178588_208020_22368" refid="_18_5_3_4100178_1528725757886_558496_51768"/><valueproperty classType="Property" hasLink="false" humanType="Value Property" icon="model_files/icon_valueproperty_235967266.jpg" name="drift : Real" owner="_18_5_3_4100178_1528723178588_208020_22368" refid="_18_5_3_4100178_1528725839452_195964_51826"/><valueproperty classType="Property" hasLink="false" humanType="Value Property" icon="model_files/icon_valueproperty_235967266.jpg" name="jitter : Real" owner="_18_5_3_4100178_1528723178588_208020_22368" refid="_18_5_3_4100178_1528726576198_569516_52196"/><constraintproperty classType="Property" hasLink="false" humanType="Constraint Property" icon="model_files/icon_constraintproperty_1498935412.jpg" name="perf : Clock Performance" owner="_18_5_3_4100178_1528723178588_208020_22368" refid="_18_5_3_4100178_1528726811585_450557_52546"/><valueproperty classType="Property" hasLink="false" humanType="Value Property" icon="model_files/icon_valueproperty_235967266.jpg" name="precision : time[second]" owner="_18_5_3_4100178_1528723178588_208020_22368" refid="_18_5_3_4100178_1528725782487_234451_51797"/><valueproperty classType="Property" hasLink="false" humanType="Value Property" icon="model_files/icon_valueproperty_235967266.jpg" name="time : time" owner="_18_5_3_4100178_1528723178588_208020_22368" refid="_18_5_3_4100178_1528726700668_979510_52416"/><port classType="Port" hasLink="false" humanType="Port" icon="model_files/icon_port_1191874608.jpg" name="t : time" owner="_18_5_3_4100178_1528723178588_208020_22368" refid="_18_5_3_4100178_1528726343064_703619_51894"/></ownedElement></block>