<?xml version="1.0" encoding="UTF-8"?><block classType="Class" hasChild="true" hasLink="true" humanType="Block" icon="model_files/icon_block_1899727736.jpg" name="IWN" owner="_18_5_3_4100178_1530373125552_25526_16818" refid="_18_5_3_4100178_1528052652124_621573_44283"><ownedElement><diagram classType="Diagram" diagramType="sysmlinternalblockdiagram" hasLink="false" humanType="Diagram" icon="model_files/icon_SysML Internal Block Diagram_1808374818.jpg" name="IWN" owner="_18_5_3_4100178_1528052652124_621573_44283" refid="_18_5_3_4100178_1528052652145_419951_44323"/><connector classType="Connector" hasChild="true" hasLink="false" humanType="Connector" icon="model_files/icon_connector_2065886345.jpg" isRelationship="true" name="Connector[ant - Antenna System]" owner="_18_5_3_4100178_1528052652124_621573_44283" refid="_18_5_3_4100178_1528052652155_739649_44345"/><connector classType="Connector" hasChild="true" hasLink="false" humanType="Connector" icon="model_files/icon_connector_2065886345.jpg" isRelationship="true" name="Connector[ant - Antenna System.ant]" owner="_18_5_3_4100178_1528052652124_621573_44283" refid="_18_5_3_4100178_1528590666304_20296_21195"/><connector classType="Connector" hasChild="true" hasLink="false" humanType="Connector" icon="model_files/icon_connector_2065886345.jpg" isRelationship="true" name="Connector[ant - channel.ant]" owner="_18_5_3_4100178_1528052652124_621573_44283" refid="_18_5_3_4100178_1530918794738_734273_19241"/><connector classType="Connector" hasChild="true" hasLink="false" humanType="Connector" icon="model_files/icon_connector_2065886345.jpg" isRelationship="true" name="Connector[channel.ant1 - service.ant1]" owner="_18_5_3_4100178_1528052652124_621573_44283" refid="_18_5_3_4100178_1530923013646_765160_23407"/><connector classType="Connector" hasChild="true" hasLink="false" humanType="Connector" icon="model_files/icon_connector_2065886345.jpg" isRelationship="true" name="Connector[service.t - clock.t]" owner="_18_5_3_4100178_1528052652124_621573_44283" refid="_18_5_3_4100178_1530924375733_357033_25740"/><connector classType="Connector" hasChild="true" hasLink="false" humanType="Connector" icon="model_files/icon_connector_2065886345.jpg" isRelationship="true" name="Connector[ant - channel.ant]" owner="_18_5_3_4100178_1528052652124_621573_44283" refid="_18_5_3_4100178_1531348985213_51729_26345"/><connector classType="Connector" hasChild="true" hasLink="false" humanType="Connector" icon="model_files/icon_connector_2065886345.jpg" isRelationship="true" name="Connector[DataPort - service]" owner="_18_5_3_4100178_1528052652124_621573_44283" refid="_18_5_3_4100178_1531349005476_395029_26357"/><block classType="Class" hasChild="true" hasLink="true" humanType="Block" icon="model_files/icon_block_1899727736.jpg" name="Radio Channel" owner="_18_5_3_4100178_1528052652124_621573_44283" refid="_18_5_3_4100178_1530914957849_821366_16654"/><block classType="Class" hasChild="true" hasLink="true" humanType="Block" icon="model_files/icon_block_1899727736.jpg" name="Service" owner="_18_5_3_4100178_1528052652124_621573_44283" refid="_18_5_3_4100178_1530922978548_202523_23362"/><partproperty classType="Property" hasLink="false" humanType="Part Property" icon="model_files/icon_partproperty_213597676.jpg" name="Antenna System : Antenna System [*]" owner="_18_5_3_4100178_1528052652124_621573_44283" refid="_18_5_3_4100178_1528052652155_92373_44353"/><partproperty classType="Property" hasLink="false" humanType="Part Property" icon="model_files/icon_partproperty_213597676.jpg" name="channel : Radio Channel" owner="_18_5_3_4100178_1528052652124_621573_44283" refid="_18_5_3_4100178_1530914968634_85902_16656"/><partproperty classType="Property" hasLink="false" humanType="Part Property" icon="model_files/icon_partproperty_213597676.jpg" name="clock : Clock" owner="_18_5_3_4100178_1528052652124_621573_44283" refid="_18_5_3_4100178_1530924344757_61748_25579"/><partproperty classType="Property" hasLink="false" humanType="Part Property" icon="model_files/icon_partproperty_213597676.jpg" name="service : Service [1..*]" owner="_18_5_3_4100178_1528052652124_621573_44283" refid="_18_5_3_4100178_1530922993443_862768_23364"/><fullport classType="Port" hasLink="false" humanType="Full Port" icon="model_files/icon_fullport_1191874608.jpg" name="ant : iRF" owner="_18_5_3_4100178_1528052652124_621573_44283" refid="_18_5_3_4100178_1528052652155_581598_44350"/><generalization classType="Generalization" hasLink="false" humanType="Generalization" icon="model_files/icon_generalization_1186657657.jpg" isRelationship="true" owner="_18_5_3_4100178_1528052652124_621573_44283" refid="_18_5_3_4100178_1531348853932_710817_26300"/></ownedElement></block>