<?xml version="1.0" encoding="UTF-8"?><constraintblock classType="Class" hasChild="true" hasLink="false" humanType="Constraint Block" icon="model_files/icon_constraintblock_1060842284.jpg" name="Delay" owner="_18_5_3_4100178_1530373154728_654610_16835" refid="_18_5_3_4100178_1528052652159_891737_44382"><ownedElement><constraintparameter classType="Port" hasLink="false" humanType="Constraint Parameter" icon="model_files/icon_constraintparameter_1954234963.jpg" name="J : Real" owner="_18_5_3_4100178_1528052652159_891737_44382" refid="_18_5_3_4100178_1528052652185_93690_44511"/><constraintparameter classType="Port" hasLink="false" humanType="Constraint Parameter" icon="model_files/icon_constraintparameter_1954234963.jpg" name="t : Real" owner="_18_5_3_4100178_1528052652159_891737_44382" refid="_18_5_3_4100178_1528052652184_218142_44507"/><constraintparameter classType="Port" hasLink="false" humanType="Constraint Parameter" icon="model_files/icon_constraintparameter_1954234963.jpg" name="T : Real" owner="_18_5_3_4100178_1528052652159_891737_44382" refid="_18_5_3_4100178_1528052652184_526580_44508"/><constraintparameter classType="Port" hasLink="false" humanType="Constraint Parameter" icon="model_files/icon_constraintparameter_1954234963.jpg" name="x : Real" owner="_18_5_3_4100178_1528052652159_891737_44382" refid="_18_5_3_4100178_1528052652185_646200_44509"/><constraintparameter classType="Port" hasLink="false" humanType="Constraint Parameter" icon="model_files/icon_constraintparameter_1954234963.jpg" name="y1 : Real" owner="_18_5_3_4100178_1528052652159_891737_44382" refid="_18_5_3_4100178_1530574472055_26873_24483"/><constraint classType="Constraint" hasLink="false" humanType="Constraint" icon="model_files/icon_constraint_842422776.jpg" name="=y1=x*D(t-f(T,J))" owner="_18_5_3_4100178_1528052652159_891737_44382" refid="_18_5_3_4100178_1528052652184_419220_44506"/></ownedElement></constraintblock>