<?xml version="1.0" encoding="UTF-8"?><constraintblock classType="Class" hasChild="true" hasLink="false" humanType="Constraint Block" icon="model_files/icon_constraintblock_798346241.jpg" name="Program" owner="_18_5_3_4100178_1530481111709_738887_16381" refid="_18_5_3_4100178_1528052652126_214479_44300"><ownedElement><constraintparameter classType="Port" hasLink="false" humanType="Constraint Parameter" icon="model_files/icon_constraintparameter_379215402.jpg" name="DelayTolerance : Real" owner="_18_5_3_4100178_1528052652126_214479_44300" refid="_18_5_3_4100178_1531346657146_782634_24557"/><constraintparameter classType="Port" hasLink="false" humanType="Constraint Parameter" icon="model_files/icon_constraintparameter_379215402.jpg" name="GapTolerance : Real" owner="_18_5_3_4100178_1528052652126_214479_44300" refid="_18_5_3_4100178_1531346657037_743197_24487"/><constraintparameter classType="Port" hasLink="false" humanType="Constraint Parameter" icon="model_files/icon_constraintparameter_379215402.jpg" name="PubDataSize : Real" owner="_18_5_3_4100178_1528052652126_214479_44300" refid="_18_5_3_4100178_1531346657178_61278_24585"/><constraintparameter classType="Port" hasLink="false" humanType="Constraint Parameter" icon="model_files/icon_constraintparameter_379215402.jpg" name="PubRate : Real" owner="_18_5_3_4100178_1528052652126_214479_44300" refid="_18_5_3_4100178_1531346657112_107869_24529"/><constraintparameter classType="Port" hasLink="false" humanType="Constraint Parameter" icon="model_files/icon_constraintparameter_379215402.jpg" name="SubDataSize : Real" owner="_18_5_3_4100178_1528052652126_214479_44300" refid="_18_5_3_4100178_1531346657163_980594_24571"/><constraintparameter classType="Port" hasLink="false" humanType="Constraint Parameter" icon="model_files/icon_constraintparameter_379215402.jpg" name="SubRate : Real" owner="_18_5_3_4100178_1528052652126_214479_44300" refid="_18_5_3_4100178_1531346657080_510209_24501"/><constraintparameter classType="Port" hasLink="false" humanType="Constraint Parameter" icon="model_files/icon_constraintparameter_379215402.jpg" name="X : Real" owner="_18_5_3_4100178_1528052652126_214479_44300" refid="_18_5_3_4100178_1531346657096_424262_24515"/><constraintparameter classType="Port" hasLink="false" humanType="Constraint Parameter" icon="model_files/icon_constraintparameter_379215402.jpg" name="Y : Real" owner="_18_5_3_4100178_1528052652126_214479_44300" refid="_18_5_3_4100178_1531346657128_401053_24543"/><constraint classType="Constraint" hasLink="false" humanType="Constraint" icon="model_files/icon_constraint_842422776.jpg" name="Delay=DelayTolerance" owner="_18_5_3_4100178_1528052652126_214479_44300" refid="_18_5_3_4100178_1531346372560_402644_24454"/><constraint classType="Constraint" hasLink="false" humanType="Constraint" icon="model_files/icon_constraint_842422776.jpg" name="Information Gap=GapTolerance" owner="_18_5_3_4100178_1528052652126_214479_44300" refid="_18_5_3_4100178_1531346389499_493853_24458"/><constraint classType="Constraint" hasLink="false" humanType="Constraint" icon="model_files/icon_constraint_842422776.jpg" name="Programming logic=Y=Program(X)" owner="_18_5_3_4100178_1528052652126_214479_44300" refid="_18_5_3_4100178_1528052652177_42533_44441"/><constraint classType="Constraint" hasLink="false" humanType="Constraint" icon="model_files/icon_constraint_842422776.jpg" name="Publication Size=PubDataSize" owner="_18_5_3_4100178_1528052652126_214479_44300" refid="_18_5_3_4100178_1531346507002_963671_24470"/><constraint classType="Constraint" hasLink="false" humanType="Constraint" icon="model_files/icon_constraint_842422776.jpg" name="PublicationRate=PubRate" owner="_18_5_3_4100178_1528052652126_214479_44300" refid="_18_5_3_4100178_1531346488347_387571_24466"/><constraint classType="Constraint" hasLink="false" humanType="Constraint" icon="model_files/icon_constraint_842422776.jpg" name="Subscription Data Size=SubDataSize" owner="_18_5_3_4100178_1528052652126_214479_44300" refid="_18_5_3_4100178_1531346550752_163062_24478"/><constraint classType="Constraint" hasLink="false" humanType="Constraint" icon="model_files/icon_constraint_842422776.jpg" name="Subscription Rate=SubRate" owner="_18_5_3_4100178_1528052652126_214479_44300" refid="_18_5_3_4100178_1531346537969_648132_24474"/></ownedElement></constraintblock>