<?xml version="1.0" encoding="UTF-8"?><block classType="Class" hasChild="true" hasLink="true" humanType="Block" icon="model_files/icon_block_782682435.jpg" name="Wireless Device" owner="_18_5_3_4100178_1530480852624_894224_16267" refid="_18_5_3_4100178_1528052652125_950868_44290"><ownedElement><diagram classType="Diagram" diagramType="sysmlinternalblockdiagram" hasLink="false" humanType="Diagram" icon="model_files/icon_SysML Internal Block Diagram_1808374818.jpg" name="Wireless Device" owner="_18_5_3_4100178_1528052652125_950868_44290" refid="_18_5_3_4100178_1528245385602_844363_16885"/><connector classType="Connector" hasChild="true" hasLink="false" humanType="Connector" icon="model_files/icon_connector_2065886345.jpg" isRelationship="true" name="Connector[xcvr.rf - ant]" owner="_18_5_3_4100178_1528052652125_950868_44290" refid="_18_5_3_4100178_1528247576760_386908_20123"/><connector classType="Connector" hasChild="true" hasLink="false" humanType="Connector" icon="model_files/icon_connector_2065886345.jpg" isRelationship="true" name="Connector[xcvr.xcvr - apps]" owner="_18_5_3_4100178_1528052652125_950868_44290" refid="_18_5_3_4100178_1531348498103_801561_25919"/><constraintproperty classType="Property" hasLink="false" humanType="Constraint Property" icon="model_files/icon_constraintproperty_14897777.jpg" name="data" owner="_18_5_3_4100178_1528052652125_950868_44290" refid="_18_5_3_4100178_1530482837630_605579_18220"/><constraintproperty classType="Property" hasLink="false" humanType="Constraint Property" icon="model_files/icon_constraintproperty_14897777.jpg" name="rf" owner="_18_5_3_4100178_1528052652125_950868_44290" refid="_18_5_3_4100178_1530482017846_113251_17313"/><partproperty classType="Property" hasLink="false" humanType="Part Property" icon="model_files/icon_partproperty_654400855.jpg" name="xcvr : Transceiver [1..*]" owner="_18_5_3_4100178_1528052652125_950868_44290" refid="_18_5_3_4100178_1528246125416_795172_18482"/><fullport classType="Port" hasLink="false" humanType="Full Port" icon="model_files/icon_fullport_1191874608.jpg" name="ant : iRF" owner="_18_5_3_4100178_1528052652125_950868_44290" refid="_18_5_3_4100178_1528052652158_864306_44377"/><generalization classType="Generalization" hasLink="false" humanType="Generalization" icon="model_files/icon_generalization_1186657657.jpg" isRelationship="true" owner="_18_5_3_4100178_1528052652125_950868_44290" refid="_18_5_3_4100178_1528678196980_540894_21097"/></ownedElement></block>