<?xml version="1.0" encoding="UTF-8"?><block classType="Class" hasChild="true" hasLink="true" humanType="Block" icon="model_files/icon_block_1735089292.jpg" name="FT Force Limit Testbed" owner="_18_5_3_4100178_1528052652126_224371_44298" refid="_18_5_3_4100178_1528722765271_342223_21396"><ownedElement><diagram classType="Diagram" diagramType="sysmlinternalblockdiagram" hasLink="false" humanType="Diagram" icon="model_files/icon_SysML Internal Block Diagram_1206291868.jpg" name="NIST-IWS-FTLimit" owner="_18_5_3_4100178_1528722765271_342223_21396" refid="_18_5_3_4100178_1528722765286_501260_21397"/><connector classType="Connector" hasChild="true" hasLink="false" humanType="Connector" icon="model_files/icon_connector_2065886345.jpg" isRelationship="true" name="Connector[FTsensor2.ant - 802.1bgn-CH1.ant]" owner="_18_5_3_4100178_1528722765271_342223_21396" refid="_18_5_3_4100178_1528722765303_896972_21421"/><connector classType="Connector" hasChild="true" hasLink="false" humanType="Connector" icon="model_files/icon_connector_2065886345.jpg" isRelationship="true" name="Connector[RC1.ant - 802.1bgn-CH1.ant]" owner="_18_5_3_4100178_1528722765271_342223_21396" refid="_18_5_3_4100178_1528722765304_104146_21423"/><connector classType="Connector" hasChild="true" hasLink="false" humanType="Connector" icon="model_files/icon_connector_2065886345.jpg" isRelationship="true" name="Connector[FTSensorG - R1]" owner="_18_5_3_4100178_1528722765271_342223_21396" refid="_18_5_3_4100178_1528722765304_776341_21427"/><connector classType="Connector" hasChild="true" hasLink="false" humanType="Connector" icon="model_files/icon_connector_2065886345.jpg" isRelationship="true" name="Connector[tracker.ant - 802.1bgn-CH1.ant]" owner="_18_5_3_4100178_1528722765271_342223_21396" refid="_18_5_3_4100178_1528722765304_853534_21422"/><connector classType="Connector" hasChild="true" hasLink="false" humanType="Connector" icon="model_files/icon_connector_2065886345.jpg" isRelationship="true" name="Connector[FTsensor1 - R1]" owner="_18_5_3_4100178_1528722765271_342223_21396" refid="_18_5_3_4100178_1528722951923_374550_22321"/><partproperty classType="Property" hasLink="false" humanType="Part Property" icon="model_files/icon_partproperty_285660077.jpg" name="802.1bgn-CH1 : IWN" owner="_18_5_3_4100178_1528722765271_342223_21396" refid="_18_5_3_4100178_1528722765305_138066_21436"/><partproperty classType="Property" hasLink="false" humanType="Part Property" icon="model_files/icon_partproperty_285660077.jpg" name="FTSensor : Sensor" owner="_18_5_3_4100178_1528722765271_342223_21396" refid="_18_5_3_4100178_1528722765305_182406_21438"/><partproperty classType="Property" hasLink="false" humanType="Part Property" icon="model_files/icon_partproperty_285660077.jpg" name="FTsensor1 : Wireless Sensor" owner="_18_5_3_4100178_1528722765271_342223_21396" refid="_18_5_3_4100178_1528722765305_455044_21434"/><partproperty classType="Property" hasLink="false" humanType="Part Property" icon="model_files/icon_partproperty_285660077.jpg" name="FTsensor2 : Wireless Sensor" owner="_18_5_3_4100178_1528722765271_342223_21396" refid="_18_5_3_4100178_1528722765305_127946_21435"/><partproperty classType="Property" hasLink="false" humanType="Part Property" icon="model_files/icon_partproperty_285660077.jpg" name="FTSensorG : Test Device" owner="_18_5_3_4100178_1528722765271_342223_21396" refid="_18_5_3_4100178_1528722765306_79844_21439"/><partproperty classType="Property" hasLink="false" humanType="Part Property" icon="model_files/icon_partproperty_285660077.jpg" name="jammer : Radio Emitter" owner="_18_5_3_4100178_1528722765271_342223_21396" refid="_18_5_3_4100178_1531359728265_225363_30927"/><partproperty classType="Property" hasLink="false" humanType="Part Property" icon="model_files/icon_partproperty_285660077.jpg" name="R1 : Robot" owner="_18_5_3_4100178_1528722765271_342223_21396" refid="_18_5_3_4100178_1528722765304_165960_21430"/><partproperty classType="Property" hasLink="false" humanType="Part Property" icon="model_files/icon_partproperty_285660077.jpg" name="R2 : Robot" owner="_18_5_3_4100178_1528722765271_342223_21396" refid="_18_5_3_4100178_1528722765305_763461_21431"/><partproperty classType="Property" hasLink="false" humanType="Part Property" icon="model_files/icon_partproperty_285660077.jpg" name="RC1 : RobotController" owner="_18_5_3_4100178_1528722765271_342223_21396" refid="_18_5_3_4100178_1528722765304_36593_21428"/><partproperty classType="Property" hasLink="false" humanType="Part Property" icon="model_files/icon_partproperty_285660077.jpg" name="RC2 : RobotController" owner="_18_5_3_4100178_1528722765271_342223_21396" refid="_18_5_3_4100178_1528722765304_954580_21429"/><partproperty classType="Property" hasLink="false" humanType="Part Property" icon="model_files/icon_partproperty_285660077.jpg" name="sms : SMS Agent" owner="_18_5_3_4100178_1528722765271_342223_21396" refid="_18_5_3_4100178_1528722765305_917142_21437"/><partproperty classType="Property" hasLink="false" humanType="Part Property" icon="model_files/icon_partproperty_285660077.jpg" name="supervisor : PLC" owner="_18_5_3_4100178_1528722765271_342223_21396" refid="_18_5_3_4100178_1528722765305_797394_21432"/><partproperty classType="Property" hasLink="false" humanType="Part Property" icon="model_files/icon_partproperty_285660077.jpg" name="tracker : Vision Processor" owner="_18_5_3_4100178_1528722765271_342223_21396" refid="_18_5_3_4100178_1528722765305_719563_21433"/></ownedElement></block>