<?xml version="1.0" encoding="UTF-8"?><package classType="Package" hasChild="true" hasLink="false" humanType="Package" icon="model_files/icon_package_1120670624.jpg" name="SMS" owner="_18_5_3_4100178_1528245235362_167672_16774" refid="_18_5_3_4100178_1527439469321_794067_51866"><ownedElement><diagram classType="Diagram" diagramType="sysmlblockdefinitiondiagram" hasLink="false" humanType="Diagram" icon="model_files/icon_SysML Block Definition Diagram_836666833.jpg" name="SMS" owner="_18_5_3_4100178_1527439469321_794067_51866" refid="_18_5_3_4100178_1527686956859_657383_24386"/><diagram classType="Diagram" diagramType="sysmlblockdefinitiondiagram" hasLink="false" humanType="Diagram" icon="model_files/icon_SysML Block Definition Diagram_836666833.jpg" name="SMS-interfaces" owner="_18_5_3_4100178_1527439469321_794067_51866" refid="_18_5_3_4100178_1528591907425_67302_22318"/><block classType="Class" hasChild="true" hasLink="true" humanType="Block" icon="model_files/icon_block_2026825016.jpg" name="SMS Agent" owner="_18_5_3_4100178_1527439469321_794067_51866" refid="_18_5_3_6410209_1526676723020_156303_14457"/><association classType="Association" hasChild="true" hasLink="false" humanType="Association" icon="model_files/icon_association_1678098301.jpg" isRelationship="true" name="Association[xcvr:Transceiver &lt;- SMS Agent]" owner="_18_5_3_4100178_1527439469321_794067_51866" refid="_18_5_3_4100178_1528591570085_196967_22002"/><association classType="Association" hasChild="true" hasLink="false" humanType="Association" icon="model_files/icon_association_1678098301.jpg" isRelationship="true" name="Association[agentApp:Application &lt;- SMS Agent]" owner="_18_5_3_4100178_1527439469321_794067_51866" refid="_18_5_3_4100178_1528591631812_46911_22089"/><association classType="Association" hasChild="true" hasLink="false" humanType="Association" icon="model_files/icon_association_1678098301.jpg" isRelationship="true" name="Association[reportApp:Application &lt;- SMS Agent]" owner="_18_5_3_4100178_1527439469321_794067_51866" refid="_18_5_3_4100178_1528591688207_122479_22175"/></ownedElement></package>