<?xml version="1.0" encoding="UTF-8"?><package classType="Package" hasChild="true" hasLink="false" humanType="Package" icon="model_files/icon_package_1120670624.jpg" name="Robotics" owner="_18_5_3_4100178_1528245235362_167672_16774" refid="_18_5_3_4100178_1527462908523_30601_52587"><ownedElement><diagram classType="Diagram" diagramType="sysmlblockdefinitiondiagram" hasLink="false" humanType="Diagram" icon="model_files/icon_SysML Block Definition Diagram_836666833.jpg" name="Robotics" owner="_18_5_3_4100178_1527462908523_30601_52587" refid="_18_5_3_4100178_1528508016546_693823_32554"/><diagram classType="Diagram" diagramType="sysmlblockdefinitiondiagram" hasLink="false" humanType="Diagram" icon="model_files/icon_SysML Block Definition Diagram_836666833.jpg" name="Robotics" owner="_18_5_3_4100178_1527462908523_30601_52587" refid="_18_5_3_4100178_1530286321796_834974_30027"/><diagram classType="Diagram" diagramType="sysmlblockdefinitiondiagram" hasLink="false" humanType="Diagram" icon="model_files/icon_SysML Block Definition Diagram_836666833.jpg" name="Robotics-application" owner="_18_5_3_4100178_1527462908523_30601_52587" refid="_18_5_3_4100178_1530325380886_497266_16773"/><block classType="Class" hasChild="true" hasLink="true" humanType="Block" icon="model_files/icon_block_2026825016.jpg" name="Robot" owner="_18_5_3_4100178_1527462908523_30601_52587" refid="_18_5_3_6410209_1524950169842_599162_14183"/><block classType="Class" hasChild="true" hasLink="true" humanType="Block" icon="model_files/icon_block_2026825016.jpg" name="RobotController" owner="_18_5_3_4100178_1527462908523_30601_52587" refid="_18_5_3_6410209_1524950156311_97515_14137"/><block classType="Class" hasChild="true" hasLink="false" humanType="Block" icon="model_files/icon_block_2026825016.jpg" name="RobotSystem" owner="_18_5_3_4100178_1527462908523_30601_52587" refid="_18_5_3_4100178_1530286336543_780729_30192"/><association classType="Association" hasChild="true" hasLink="false" humanType="Association" icon="model_files/icon_association_464337558.jpg" isRelationship="true" name="Association[RobotController -&gt; robot:Robot]" owner="_18_5_3_4100178_1527462908523_30601_52587" refid="_18_5_3_4100178_1527303176037_750116_16584"/><association classType="Association" hasChild="true" hasLink="false" humanType="Association" icon="model_files/icon_association_1678098301.jpg" isRelationship="true" name="Association[Robot -&gt; motion:Linear Motion]" owner="_18_5_3_4100178_1527462908523_30601_52587" refid="_18_5_3_4100178_1530247311769_546636_29743"/><association classType="Association" hasChild="true" hasLink="false" humanType="Association" icon="model_files/icon_association_1678098301.jpg" isRelationship="true" name="Association[RobotSystem -&gt; robotController:RobotController]" owner="_18_5_3_4100178_1527462908523_30601_52587" refid="_18_5_3_4100178_1530286349662_865681_30239"/><association classType="Association" hasChild="true" hasLink="false" humanType="Association" icon="model_files/icon_association_1678098301.jpg" isRelationship="true" name="Association[RobotSystem -&gt; robot:Robot]" owner="_18_5_3_4100178_1527462908523_30601_52587" refid="_18_5_3_4100178_1530286361805_128337_30269"/><association classType="Association" hasChild="true" hasLink="false" humanType="Association" icon="model_files/icon_association_464337558.jpg" isRelationship="true" name="Association[RobotController -&gt; inverse Kinematics:Inverse Kinematics]" owner="_18_5_3_4100178_1527462908523_30601_52587" refid="_18_5_3_4100178_1530286637762_747979_30318"/><association classType="Association" hasChild="true" hasLink="false" humanType="Association" icon="model_files/icon_association_464337558.jpg" isRelationship="true" name="Association[RobotController -&gt; path Planner:Path Planner]" owner="_18_5_3_4100178_1527462908523_30601_52587" refid="_18_5_3_4100178_1530286663203_999873_30383"/><association classType="Association" hasChild="true" hasLink="false" humanType="Association" icon="model_files/icon_association_464337558.jpg" isRelationship="true" name="Association[RobotController -&gt; colDetect:Collision Detector]" owner="_18_5_3_4100178_1527462908523_30601_52587" refid="_18_5_3_4100178_1530286707141_339709_30448"/><association classType="Association" hasChild="true" hasLink="false" humanType="Association" icon="model_files/icon_association_1678098301.jpg" isRelationship="true" name="Association[RobotController -&gt; rStates:states publisher]" owner="_18_5_3_4100178_1527462908523_30601_52587" refid="_18_5_3_4100178_1530326212176_626761_17917"/><association classType="Association" hasChild="true" hasLink="false" humanType="Association" icon="model_files/icon_association_1678098301.jpg" isRelationship="true" name="Association[joints:Force Equations &lt;- Robot]" owner="_18_5_3_4100178_1527462908523_30601_52587" refid="_18_5_3_4100178_1531350405098_113465_27162"/><association classType="Association" hasChild="true" hasLink="false" humanType="Association" icon="model_files/icon_association_464337558.jpg" isRelationship="true" name="Association[RobotController -&gt; robotController:RobotController]" owner="_18_5_3_4100178_1527462908523_30601_52587" refid="_18_5_3_6410209_1526941524602_948204_17307"/></ownedElement></package>