<?xml version="1.0" encoding="UTF-8"?><constraintblock classType="Class" hasChild="true" hasLink="false" humanType="Constraint Block" icon="model_files/icon_constraintblock_1060842284.jpg" name="Clock Performance" owner="_18_5_3_4100178_1528723141765_66221_22366" refid="_18_5_3_4100178_1528726806936_430247_52507"><ownedElement><constraintparameter classType="Port" hasLink="false" humanType="Constraint Parameter" icon="model_files/icon_constraintparameter_1954234963.jpg" name="accuracy : Real" owner="_18_5_3_4100178_1528726806936_430247_52507" refid="_18_5_3_4100178_1531356289294_802486_30356"/><constraintparameter classType="Port" hasLink="false" humanType="Constraint Parameter" icon="model_files/icon_constraintparameter_1954234963.jpg" name="drift : Real" owner="_18_5_3_4100178_1528726806936_430247_52507" refid="_18_5_3_4100178_1531356289312_283995_30370"/><constraintparameter classType="Port" hasLink="false" humanType="Constraint Parameter" icon="model_files/icon_constraintparameter_1954234963.jpg" name="Jitter : Real" owner="_18_5_3_4100178_1528726806936_430247_52507" refid="_18_5_3_4100178_1531356342632_433700_30388"/><constraintparameter classType="Port" hasLink="false" humanType="Constraint Parameter" icon="model_files/icon_constraintparameter_1954234963.jpg" name="Precision : Real" owner="_18_5_3_4100178_1528726806936_430247_52507" refid="_18_5_3_4100178_1531356289275_857056_30342"/><constraintparameter classType="Port" hasLink="false" humanType="Constraint Parameter" icon="model_files/icon_constraintparameter_1954234963.jpg" name="T : Real" owner="_18_5_3_4100178_1528726806936_430247_52507" refid="_18_5_3_4100178_1531356289259_286560_30328"/><constraint classType="Constraint" hasLink="false" humanType="Constraint" icon="model_files/icon_constraint_842422776.jpg" name="accuracy=accuracy" owner="_18_5_3_4100178_1528726806936_430247_52507" refid="_18_5_3_4100178_1528726806967_654677_52538"/><constraint classType="Constraint" hasLink="false" humanType="Constraint" icon="model_files/icon_constraint_842422776.jpg" name="drift=drift" owner="_18_5_3_4100178_1528726806936_430247_52507" refid="_18_5_3_4100178_1531355985772_867837_30157"/><constraint classType="Constraint" hasLink="false" humanType="Constraint" icon="model_files/icon_constraint_842422776.jpg" name="jitter=Jitter" owner="_18_5_3_4100178_1528726806936_430247_52507" refid="_18_5_3_4100178_1531356320026_370097_30384"/><constraint classType="Constraint" hasLink="false" humanType="Constraint" icon="model_files/icon_constraint_842422776.jpg" name="Keep Time=T=keepTime()" owner="_18_5_3_4100178_1528726806936_430247_52507" refid="_18_5_3_4100178_1531356256771_929441_30324"/><constraint classType="Constraint" hasLink="false" humanType="Constraint" icon="model_files/icon_constraint_842422776.jpg" name="precision=Precision" owner="_18_5_3_4100178_1528726806936_430247_52507" refid="_18_5_3_4100178_1531355990540_744538_30160"/></ownedElement></constraintblock>