<?xml version="1.0" encoding="UTF-8"?><package classType="Package" hasChild="true" hasLink="false" humanType="Package" icon="model_files/icon_package_1120670624.jpg" name="Devices" owner="_18_5_3_4100178_1528245235362_167672_16774" refid="_18_5_3_4100178_1527540713312_469944_18550"><ownedElement><diagram classType="Diagram" diagramType="sysmlblockdefinitiondiagram" hasLink="false" humanType="Diagram" icon="model_files/icon_SysML Block Definition Diagram_1351186561.jpg" name="Devices" owner="_18_5_3_4100178_1527540713312_469944_18550" refid="_18_5_3_4100178_1528243844351_763913_14965"/><diagram classType="Diagram" diagramType="sysmlpackagediagram" hasLink="false" humanType="Diagram" icon="model_files/icon_SysML Package Diagram_1926475315.jpg" name="Devices" owner="_18_5_3_4100178_1527540713312_469944_18550" refid="_18_5_3_4100178_1530657853570_48107_15916"/><package classType="Package" hasChild="true" hasLink="false" humanType="Package" icon="model_files/icon_package_1120670624.jpg" name="Device" owner="_18_5_3_4100178_1527540713312_469944_18550" refid="_18_5_3_4100178_1530657874850_572349_15948"/><package classType="Package" hasChild="true" hasLink="false" humanType="Package" icon="model_files/icon_package_1120670624.jpg" name="Test Device" owner="_18_5_3_4100178_1527540713312_469944_18550" refid="_18_5_3_4100178_1531351307562_625534_28067"/><package classType="Package" hasChild="true" hasLink="false" humanType="Package" icon="model_files/icon_package_1120670624.jpg" name="Wireless Device" owner="_18_5_3_4100178_1527540713312_469944_18550" refid="_18_5_3_4100178_1530480852624_894224_16267"/><association classType="Association" hasChild="true" hasLink="false" humanType="Association" icon="model_files/icon_association_612613109.jpg" isRelationship="true" name="Association[Antenna:Antenna &lt;- Antenna System]" owner="_18_5_3_4100178_1527540713312_469944_18550" refid="_18_5_3_4100178_1527439144066_23185_51303"/><association classType="Association" hasChild="true" hasLink="false" humanType="Association" icon="model_files/icon_association_612613109.jpg" isRelationship="true" name="Association[Application -&gt; program:Program]" owner="_18_5_3_4100178_1527540713312_469944_18550" refid="_18_5_3_4100178_1528052652126_746679_44301"/><association classType="Association" hasChild="true" hasLink="false" humanType="Association" icon="model_files/icon_association_612613109.jpg" isRelationship="true" name="Association[xcvr:Transceiver &lt;- Wireless Device]" owner="_18_5_3_4100178_1527540713312_469944_18550" refid="_18_5_3_4100178_1528246125436_385165_18515"/><usage classType="Usage" hasLink="false" humanType="Usage" icon="model_files/icon_usage_2002097394.jpg" isRelationship="true" name="Usage[iApp -&gt; iApp]" owner="_18_5_3_4100178_1527540713312_469944_18550" refid="_18_5_3_4100178_1528503957072_672954_30148"/></ownedElement></package>