<?xml version="1.0" encoding="UTF-8"?><package classType="Package" hasChild="true" hasLink="false" humanType="Package" icon="model_files/icon_package_1120670624.jpg" name="Vision" owner="_18_5_3_4100178_1528245235362_167672_16774" refid="_18_5_3_4100178_1527463018700_201037_52659"><ownedElement><diagram classType="Diagram" diagramType="sysmlblockdefinitiondiagram" hasLink="false" humanType="Diagram" icon="model_files/icon_SysML Block Definition Diagram_15640378.jpg" name="Vision" owner="_18_5_3_4100178_1527463018700_201037_52659" refid="_18_5_3_4100178_1528509453330_454675_33949"/><block classType="Class" hasChild="true" hasLink="false" humanType="Block" icon="model_files/icon_block_2147339541.jpg" name="Optical Devices" owner="_18_5_3_4100178_1527463018700_201037_52659" refid="_18_5_3_6410209_1526676762716_623839_14605"/><block classType="Class" hasChild="true" hasLink="true" humanType="Block" icon="model_files/icon_block_2147339541.jpg" name="Vision Processor" owner="_18_5_3_4100178_1527463018700_201037_52659" refid="_18_5_3_6410209_1526676748347_966291_14557"/><association classType="Association" hasChild="true" hasLink="false" humanType="Association" icon="model_files/icon_association_1378539516.jpg" isRelationship="true" name="Association[Optical Devices -&gt; wireless Interface:Transceiver]" owner="_18_5_3_4100178_1527463018700_201037_52659" refid="_18_5_3_4100178_1527433500461_467305_49643"/><association classType="Association" hasChild="true" hasLink="false" humanType="Association" icon="model_files/icon_association_1378539516.jpg" isRelationship="true" name="Association[Object Tracking:Application &lt;- Vision Processor]" owner="_18_5_3_4100178_1527463018700_201037_52659" refid="_18_5_3_4100178_1528598917299_820446_20761"/><association classType="Association" hasChild="true" hasLink="false" humanType="Association" icon="model_files/icon_association_1378539516.jpg" isRelationship="true" name="Association[Object Detection:Application &lt;- Vision Processor]" owner="_18_5_3_4100178_1527463018700_201037_52659" refid="_18_5_3_4100178_1528598922020_458864_20765"/><association classType="Association" hasChild="true" hasLink="false" humanType="Association" icon="model_files/icon_association_1378539516.jpg" isRelationship="true" name="Association[Object Recognition:Application &lt;- Vision Processor]" owner="_18_5_3_4100178_1527463018700_201037_52659" refid="_18_5_3_4100178_1528598931844_865787_20769"/><association classType="Association" hasChild="true" hasLink="false" humanType="Association" icon="model_files/icon_association_752445866.jpg" isRelationship="true" name="Association[Vision Processor -&gt; opticsDevices:Optical Devices]" owner="_18_5_3_4100178_1527463018700_201037_52659" refid="_18_5_3_6410209_1526940513871_713759_16753"/></ownedElement></package>