<?xml version="1.0" encoding="UTF-8"?><block classType="Class" hasChild="true" hasLink="true" humanType="Block" icon="model_files/icon_block_986916669.jpg" name="Collision-example" owner="_18_5_3_4100178_1528052652126_224371_44298" refid="_18_5_3_4100178_1528052652168_560004_44409"><ownedElement><diagram classType="Diagram" diagramType="sysmlinternalblockdiagram" hasLink="false" humanType="Diagram" icon="model_files/icon_SysML Internal Block Diagram_28591458.jpg" name="Collision-example" owner="_18_5_3_4100178_1528052652168_560004_44409" refid="_18_5_3_4100178_1528052652187_122465_44526"/><connector classType="Connector" hasChild="true" hasLink="false" humanType="Connector" icon="model_files/icon_connector_2065886345.jpg" isRelationship="true" name="Connector[iwn.ant - collisionMonitor.ant]" owner="_18_5_3_4100178_1528052652168_560004_44409" refid="_18_5_3_4100178_1528052652182_153885_44458"/><connector classType="Connector" hasChild="true" hasLink="false" humanType="Connector" icon="model_files/icon_connector_2065886345.jpg" isRelationship="true" name="Connector[robot1.ant - iwn.ant]" owner="_18_5_3_4100178_1528052652168_560004_44409" refid="_18_5_3_4100178_1528052652182_552109_44459"/><connector classType="Connector" hasChild="true" hasLink="false" humanType="Connector" icon="model_files/icon_connector_2065886345.jpg" isRelationship="true" name="Connector[robot2.ant - iwn.ant]" owner="_18_5_3_4100178_1528052652168_560004_44409" refid="_18_5_3_4100178_1528052652182_910853_44461"/><connector classType="Connector" hasChild="true" hasLink="false" humanType="Connector" icon="model_files/icon_connector_2065886345.jpg" isRelationship="true" name="Connector[estop.ant - iwn.ant]" owner="_18_5_3_4100178_1528052652168_560004_44409" refid="_18_5_3_4100178_1528249417222_869696_21803"/><partproperty classType="Property" hasLink="false" humanType="Part Property" icon="model_files/icon_partproperty_939314341.jpg" name="collisionMonitor : Wireless Device" owner="_18_5_3_4100178_1528052652168_560004_44409" refid="_18_5_3_4100178_1528052652196_709899_44550"/><partproperty classType="Property" hasLink="false" humanType="Part Property" icon="model_files/icon_partproperty_939314341.jpg" name="estop : Wireless Device" owner="_18_5_3_4100178_1528052652168_560004_44409" refid="_18_5_3_4100178_1528249378656_586363_21695"/><partproperty classType="Property" hasLink="false" humanType="Part Property" icon="model_files/icon_partproperty_939314341.jpg" name="iwn : IWN" owner="_18_5_3_4100178_1528052652168_560004_44409" refid="_18_5_3_4100178_1528052652196_138538_44549"/><partproperty classType="Property" hasLink="false" humanType="Part Property" icon="model_files/icon_partproperty_939314341.jpg" name="robot1 : Wireless Device" owner="_18_5_3_4100178_1528052652168_560004_44409" refid="_18_5_3_4100178_1528052652196_256894_44547"/><partproperty classType="Property" hasLink="false" humanType="Part Property" icon="model_files/icon_partproperty_939314341.jpg" name="robot2 : Wireless Device" owner="_18_5_3_4100178_1528052652168_560004_44409" refid="_18_5_3_4100178_1528052652196_586270_44548"/></ownedElement></block>