<?xml version="1.0" encoding="UTF-8"?><block classType="Class" hasChild="true" hasLink="true" humanType="Block" icon="model_files/icon_block_986916669.jpg" name="Application" owner="_18_5_3_4100178_1530481111709_738887_16381" refid="_18_5_3_4100178_1528052652124_967705_44285"><ownedElement><diagram classType="Diagram" diagramType="sysmlinternalblockdiagram" hasLink="false" humanType="Diagram" icon="model_files/icon_SysML Internal Block Diagram_28591458.jpg" name="Application" owner="_18_5_3_4100178_1528052652124_967705_44285" refid="_18_5_3_4100178_1528504786306_750449_30629"/><diagram classType="Diagram" diagramType="sysmlparametricdiagram" hasLink="false" humanType="Diagram" icon="model_files/icon_SysML Parametric Diagram_2059012631.jpg" name="Application" owner="_18_5_3_4100178_1528052652124_967705_44285" refid="_18_5_3_4100178_1531344541010_50157_24029"/><bindingconnector classType="Connector" hasChild="true" hasLink="false" humanType="Binding Connector" icon="model_files/icon_bindingconnector_141932539.jpg" isRelationship="true" name="Binding Connector[program.PubRate - PubRate]" owner="_18_5_3_4100178_1528052652124_967705_44285" refid="_18_5_3_4100178_1531346755083_523944_24625"/><bindingconnector classType="Connector" hasChild="true" hasLink="false" humanType="Binding Connector" icon="model_files/icon_bindingconnector_141932539.jpg" isRelationship="true" name="Binding Connector[program.PubDataSize - PubDataSz]" owner="_18_5_3_4100178_1528052652124_967705_44285" refid="_18_5_3_4100178_1531346776220_914823_24670"/><bindingconnector classType="Connector" hasChild="true" hasLink="false" humanType="Binding Connector" icon="model_files/icon_bindingconnector_141932539.jpg" isRelationship="true" name="Binding Connector[program.SubRate - SubRate]" owner="_18_5_3_4100178_1528052652124_967705_44285" refid="_18_5_3_4100178_1531346840271_481095_24923"/><bindingconnector classType="Connector" hasChild="true" hasLink="false" humanType="Binding Connector" icon="model_files/icon_bindingconnector_141932539.jpg" isRelationship="true" name="Binding Connector[program.SubDataSize - SubDataSz]" owner="_18_5_3_4100178_1528052652124_967705_44285" refid="_18_5_3_4100178_1531346849845_746741_24968"/><bindingconnector classType="Connector" hasChild="true" hasLink="false" humanType="Binding Connector" icon="model_files/icon_bindingconnector_141932539.jpg" isRelationship="true" name="Binding Connector[program.DelayTolerance - MaxDelay]" owner="_18_5_3_4100178_1528052652124_967705_44285" refid="_18_5_3_4100178_1531346877055_986068_25013"/><bindingconnector classType="Connector" hasChild="true" hasLink="false" humanType="Binding Connector" icon="model_files/icon_bindingconnector_141932539.jpg" isRelationship="true" name="Binding Connector[program.GapTolerance - MaxGapDuration]" owner="_18_5_3_4100178_1528052652124_967705_44285" refid="_18_5_3_4100178_1531346921275_999803_25058"/><bindingconnector classType="Connector" hasChild="true" hasLink="false" humanType="Binding Connector" icon="model_files/icon_bindingconnector_141932539.jpg" isRelationship="true" name="Binding Connector[program.X - InputData]" owner="_18_5_3_4100178_1528052652124_967705_44285" refid="_18_5_3_4100178_1531347006055_733293_25105"/><bindingconnector classType="Connector" hasChild="true" hasLink="false" humanType="Binding Connector" icon="model_files/icon_bindingconnector_141932539.jpg" isRelationship="true" name="Binding Connector[program.Y - OutputData]" owner="_18_5_3_4100178_1528052652124_967705_44285" refid="_18_5_3_4100178_1531347061312_78405_25166"/><interfaceblock classType="Class" hasLink="false" humanType="Interface Block" icon="model_files/icon_interfaceblock_1477500173.jpg" name="iApp" owner="_18_5_3_4100178_1528052652124_967705_44285" refid="_18_5_3_4100178_1528591988390_75200_22460"/><valueproperty classType="Property" hasLink="false" humanType="Value Property" icon="model_files/icon_valueproperty_951139523.jpg" name="InputData [0..*]" owner="_18_5_3_4100178_1528052652124_967705_44285" refid="_18_5_3_4100178_1531347006039_850387_25103"/><valueproperty classType="Property" hasLink="false" humanType="Value Property" icon="model_files/icon_valueproperty_951139523.jpg" name="MaxDelay : Real" owner="_18_5_3_4100178_1528052652124_967705_44285" refid="_18_5_3_4100178_1531346877045_109139_25011"/><valueproperty classType="Property" hasLink="false" humanType="Value Property" icon="model_files/icon_valueproperty_951139523.jpg" name="MaxGapDuration [1..*]" owner="_18_5_3_4100178_1528052652124_967705_44285" refid="_18_5_3_4100178_1531346921256_287145_25056"/><valueproperty classType="Property" hasLink="false" humanType="Value Property" icon="model_files/icon_valueproperty_951139523.jpg" name="OutputData [0..*]" owner="_18_5_3_4100178_1528052652124_967705_44285" refid="_18_5_3_4100178_1531347061296_713503_25164"/><constraintproperty classType="Property" hasLink="false" humanType="Constraint Property" icon="model_files/icon_constraintproperty_148090491.jpg" name="program : Program [1..*]" owner="_18_5_3_4100178_1528052652124_967705_44285" refid="_18_5_3_4100178_1528052652157_761386_44365"/><valueproperty classType="Property" hasLink="false" humanType="Value Property" icon="model_files/icon_valueproperty_951139523.jpg" name="PubDataSz : Integer" owner="_18_5_3_4100178_1528052652124_967705_44285" refid="_18_5_3_4100178_1531346776197_669724_24668"/><valueproperty classType="Property" hasLink="false" humanType="Value Property" icon="model_files/icon_valueproperty_951139523.jpg" name="PubRate : Real" owner="_18_5_3_4100178_1528052652124_967705_44285" refid="_18_5_3_4100178_1531346755039_269420_24623"/><valueproperty classType="Property" hasLink="false" humanType="Value Property" icon="model_files/icon_valueproperty_951139523.jpg" name="SubDataSz : Integer" owner="_18_5_3_4100178_1528052652124_967705_44285" refid="_18_5_3_4100178_1531346849820_824210_24966"/><valueproperty classType="Property" hasLink="false" humanType="Value Property" icon="model_files/icon_valueproperty_951139523.jpg" name="SubRate : Real" owner="_18_5_3_4100178_1528052652124_967705_44285" refid="_18_5_3_4100178_1531346840249_92263_24921"/><port classType="Port" hasLink="false" humanType="Port" icon="model_files/icon_port_1191874608.jpg" name="data : iApp" owner="_18_5_3_4100178_1528052652124_967705_44285" refid="_18_5_3_4100178_1528247857131_578994_20403"/></ownedElement></block>