<?xml version="1.0" encoding="UTF-8"?><block classType="Class" hasChild="true" hasLink="true" humanType="Block" icon="model_files/icon_block_986916669.jpg" name="FT Follower Testbed" owner="_18_5_3_4100178_1528052652126_224371_44298" refid="_18_5_3_4100178_1528394397950_490727_29868"><ownedElement><diagram classType="Diagram" diagramType="sysmlinternalblockdiagram" hasLink="false" humanType="Diagram" icon="model_files/icon_SysML Internal Block Diagram_28591458.jpg" name="NIST-IWS-FTFollower" owner="_18_5_3_4100178_1528394397950_490727_29868" refid="_18_5_3_4100178_1528511059176_3043_35350"/><connector classType="Connector" hasChild="true" hasLink="false" humanType="Connector" icon="model_files/icon_connector_2065886345.jpg" isRelationship="true" name="Connector[RC1.ctl - R1.ctl]" owner="_18_5_3_4100178_1528394397950_490727_29868" refid="_18_5_3_4100178_1528588425513_205597_18709"/><connector classType="Connector" hasChild="true" hasLink="false" humanType="Connector" icon="model_files/icon_connector_2065886345.jpg" isRelationship="true" name="Connector[R2.ctl - RC2.ctl]" owner="_18_5_3_4100178_1528394397950_490727_29868" refid="_18_5_3_4100178_1528588485511_286944_18736"/><connector classType="Connector" hasChild="true" hasLink="false" humanType="Connector" icon="model_files/icon_connector_2065886345.jpg" isRelationship="true" name="Connector[FTsensor1.ant - 802.1bgn-CH1.ant]" owner="_18_5_3_4100178_1528394397950_490727_29868" refid="_18_5_3_4100178_1528592635332_500047_22858"/><connector classType="Connector" hasChild="true" hasLink="false" humanType="Connector" icon="model_files/icon_connector_2065886345.jpg" isRelationship="true" name="Connector[FTsensor2.ant - 802.1bgn-CH1.ant]" owner="_18_5_3_4100178_1528394397950_490727_29868" refid="_18_5_3_4100178_1528592949347_274020_22936"/><connector classType="Connector" hasChild="true" hasLink="false" humanType="Connector" icon="model_files/icon_connector_2065886345.jpg" isRelationship="true" name="Connector[tracker.ant - 802.1bgn-CH1.ant]" owner="_18_5_3_4100178_1528394397950_490727_29868" refid="_18_5_3_4100178_1528593050556_782231_22951"/><connector classType="Connector" hasChild="true" hasLink="false" humanType="Connector" icon="model_files/icon_connector_2065886345.jpg" isRelationship="true" name="Connector[RC1.ant - 802.1bgn-CH1.ant]" owner="_18_5_3_4100178_1528394397950_490727_29868" refid="_18_5_3_4100178_1528593144629_442652_22966"/><connector classType="Connector" hasChild="true" hasLink="false" humanType="Connector" icon="model_files/icon_connector_2065886345.jpg" isRelationship="true" name="Connector[RC2.ant - 802.1bgn-CH1.ant]" owner="_18_5_3_4100178_1528394397950_490727_29868" refid="_18_5_3_4100178_1528593157391_470993_22981"/><connector classType="Connector" hasChild="true" hasLink="false" humanType="Connector" icon="model_files/icon_connector_2065886345.jpg" isRelationship="true" name="Connector[supervisor.ant - 802.1bgn-CH1.ant]" owner="_18_5_3_4100178_1528394397950_490727_29868" refid="_18_5_3_4100178_1528593249200_108825_22996"/><connector classType="Connector" hasChild="true" hasLink="false" humanType="Connector" icon="model_files/icon_connector_2065886345.jpg" isRelationship="true" name="Connector[FT sensor - R2]" owner="_18_5_3_4100178_1528394397950_490727_29868" refid="_18_5_3_4100178_1528722581732_176740_21382"/><connector classType="Connector" hasChild="true" hasLink="false" humanType="Connector" icon="model_files/icon_connector_2065886345.jpg" isRelationship="true" name="Connector[FT sensor - R1]" owner="_18_5_3_4100178_1528394397950_490727_29868" refid="_18_5_3_4100178_1528722586257_967020_21391"/><connector classType="Connector" hasChild="true" hasLink="false" humanType="Connector" icon="model_files/icon_connector_2065886345.jpg" isRelationship="true" name="Connector[FTsensor1 - R1]" owner="_18_5_3_4100178_1528394397950_490727_29868" refid="_18_5_3_4100178_1528722960531_835041_22330"/><connector classType="Connector" hasChild="true" hasLink="false" humanType="Connector" icon="model_files/icon_connector_2065886345.jpg" isRelationship="true" name="Connector[FTSensor - R2]" owner="_18_5_3_4100178_1528394397950_490727_29868" refid="_18_5_3_4100178_1528722966068_424276_22339"/><connector classType="Connector" hasChild="true" hasLink="false" humanType="Connector" icon="model_files/icon_connector_2065886345.jpg" isRelationship="true" name="Connector[monitor.ant - 802.1bgn-CH1.ant]" owner="_18_5_3_4100178_1528394397950_490727_29868" refid="_18_5_3_4100178_1530192072670_682664_28503"/><partproperty classType="Property" hasLink="false" humanType="Part Property" icon="model_files/icon_partproperty_939314341.jpg" name="802.1bgn-CH1 : IWN" owner="_18_5_3_4100178_1528394397950_490727_29868" refid="_18_5_3_4100178_1528592555824_815246_22806"/><partproperty classType="Property" hasLink="false" humanType="Part Property" icon="model_files/icon_partproperty_939314341.jpg" name="FT sensor : Test Device" owner="_18_5_3_4100178_1528394397950_490727_29868" refid="_18_5_3_4100178_1528722566255_790176_21342"/><partproperty classType="Property" hasLink="false" humanType="Part Property" icon="model_files/icon_partproperty_939314341.jpg" name="FTSensor : Sensor" owner="_18_5_3_4100178_1528394397950_490727_29868" refid="_18_5_3_4100178_1528722528936_11786_21306"/><partproperty classType="Property" hasLink="false" humanType="Part Property" icon="model_files/icon_partproperty_939314341.jpg" name="FTsensor1 : Wireless Sensor" owner="_18_5_3_4100178_1528394397950_490727_29868" refid="_18_5_3_4100178_1528589105595_41066_18921"/><partproperty classType="Property" hasLink="false" humanType="Part Property" icon="model_files/icon_partproperty_939314341.jpg" name="FTsensor2 : Wireless Sensor" owner="_18_5_3_4100178_1528394397950_490727_29868" refid="_18_5_3_4100178_1528589133643_546854_18957"/><partproperty classType="Property" hasLink="false" humanType="Part Property" icon="model_files/icon_partproperty_939314341.jpg" name="monitor : SMS Agent" owner="_18_5_3_4100178_1528394397950_490727_29868" refid="_18_5_3_4100178_1528597428983_183053_26542"/><partproperty classType="Property" hasLink="false" humanType="Part Property" icon="model_files/icon_partproperty_939314341.jpg" name="R1 : Robot" owner="_18_5_3_4100178_1528394397950_490727_29868" refid="_18_5_3_4100178_1528587974800_410387_18163"/><partproperty classType="Property" hasLink="false" humanType="Part Property" icon="model_files/icon_partproperty_939314341.jpg" name="R2 : Robot" owner="_18_5_3_4100178_1528394397950_490727_29868" refid="_18_5_3_4100178_1528587979647_68418_18199"/><partproperty classType="Property" hasLink="false" humanType="Part Property" icon="model_files/icon_partproperty_939314341.jpg" name="RC1 : RobotController" owner="_18_5_3_4100178_1528394397950_490727_29868" refid="_18_5_3_4100178_1528587964479_800006_18090"/><partproperty classType="Property" hasLink="false" humanType="Part Property" icon="model_files/icon_partproperty_939314341.jpg" name="RC2 : RobotController" owner="_18_5_3_4100178_1528394397950_490727_29868" refid="_18_5_3_4100178_1528587968554_767506_18127"/><partproperty classType="Property" hasLink="false" humanType="Part Property" icon="model_files/icon_partproperty_939314341.jpg" name="supervisor : PLC" owner="_18_5_3_4100178_1528394397950_490727_29868" refid="_18_5_3_4100178_1528588578831_800840_18789"/><partproperty classType="Property" hasLink="false" humanType="Part Property" icon="model_files/icon_partproperty_939314341.jpg" name="tracker : Vision Processor" owner="_18_5_3_4100178_1528394397950_490727_29868" refid="_18_5_3_4100178_1528588855748_57454_18861"/></ownedElement></block>