<?xml version="1.0" encoding="UTF-8"?><block classType="Class" hasChild="true" hasLink="true" humanType="Block" icon="model_files/icon_block_782682435.jpg" name="Transceiver" owner="_18_5_3_4100178_1530480852624_894224_16267" refid="_18_5_3_4100178_1527432606832_188165_48224"><ownedElement><elementgroup classType="Comment" hasLink="false" humanType="Element Group" icon="model_files/icon_elementgroup_41731309.jpg" name="" owner="_18_5_3_4100178_1527432606832_188165_48224" refid="_18_5_3_4100178_1528247288507_984909_19831"/><diagram classType="Diagram" diagramType="sysmlinternalblockdiagram" hasLink="false" humanType="Diagram" icon="model_files/icon_SysML Internal Block Diagram_1808374818.jpg" name="Transceiver" owner="_18_5_3_4100178_1527432606832_188165_48224" refid="_18_5_3_4100178_1527432713437_855720_48273"/><connector classType="Connector" hasChild="true" hasLink="false" humanType="Connector" icon="model_files/icon_connector_2065886345.jpg" isRelationship="true" name="Connector[antenna - modem]" owner="_18_5_3_4100178_1527432606832_188165_48224" refid="_18_5_3_4100178_1530535157694_256291_16604"/><connector classType="Connector" hasChild="true" hasLink="false" humanType="Connector" icon="model_files/icon_connector_2065886345.jpg" isRelationship="true" name="Connector[rf - antenna.ant]" owner="_18_5_3_4100178_1527432606832_188165_48224" refid="_18_5_3_4100178_1530535586575_926281_16993"/><connector classType="Connector" hasChild="true" hasLink="false" humanType="Connector" icon="model_files/icon_connector_2065886345.jpg" isRelationship="true" name="Connector[xcvr - modem]" owner="_18_5_3_4100178_1527432606832_188165_48224" refid="_18_5_3_4100178_1530535595688_713448_17002"/><interfaceblock classType="Class" hasLink="false" humanType="Interface Block" icon="model_files/icon_interfaceblock_364649141.jpg" name="iXcvr" owner="_18_5_3_4100178_1527432606832_188165_48224" refid="_18_5_3_4100178_1528504660133_155808_30600"/><partproperty classType="Property" hasLink="false" humanType="Part Property" icon="model_files/icon_partproperty_654400855.jpg" name="antenna : Antenna System [1..*]" owner="_18_5_3_4100178_1527432606832_188165_48224" refid="_18_5_3_4100178_1530484021933_268213_20084"/><partproperty classType="Property" hasLink="false" humanType="Part Property" icon="model_files/icon_partproperty_654400855.jpg" name="modem : Modem" owner="_18_5_3_4100178_1527432606832_188165_48224" refid="_18_5_3_4100178_1530484339282_921012_21405"/><proxyport classType="Port" hasLink="false" humanType="Proxy Port" icon="model_files/icon_proxyport_1191874608.jpg" name="rf : iRF" owner="_18_5_3_4100178_1527432606832_188165_48224" refid="_18_5_3_4100178_1527439177867_744395_51342"/><port classType="Port" hasLink="false" humanType="Port" icon="model_files/icon_port_1191874608.jpg" name="xcvr : iXcvr" owner="_18_5_3_4100178_1527432606832_188165_48224" refid="_18_5_3_4100178_1527439336289_370866_51781"/></ownedElement></block>