<?xml version="1.0" encoding="UTF-8"?><block classType="Class" hasChild="true" hasLink="true" humanType="Block" icon="model_files/icon_block_618359528.jpg" name="Test Device" owner="_18_5_3_4100178_1531351307562_625534_28067" refid="_18_5_3_4100178_1528677916484_816667_20874"><ownedElement><diagram classType="Diagram" diagramType="sysmlparametricdiagram" hasLink="false" humanType="Diagram" icon="model_files/icon_SysML Parametric Diagram_1724249272.jpg" name="Test Device" owner="_18_5_3_4100178_1528677916484_816667_20874" refid="_18_5_3_4100178_1531351427187_90132_28073"/><diagram classType="Diagram" diagramType="sysmlinternalblockdiagram" hasLink="false" humanType="Diagram" icon="model_files/icon_SysML Internal Block Diagram_1206291868.jpg" name="Test Device" owner="_18_5_3_4100178_1528677916484_816667_20874" refid="_18_5_3_4100178_1531351816518_887572_28706"/><bindingconnector classType="Connector" hasChild="true" hasLink="false" humanType="Binding Connector" icon="model_files/icon_bindingconnector_208688278.jpg" isRelationship="true" name="Binding Connector[testing.X - Input Signal]" owner="_18_5_3_4100178_1528677916484_816667_20874" refid="_18_5_3_4100178_1531351465573_1423_28196"/><bindingconnector classType="Connector" hasChild="true" hasLink="false" humanType="Binding Connector" icon="model_files/icon_bindingconnector_208688278.jpg" isRelationship="true" name="Binding Connector[testing.Y - Measurement]" owner="_18_5_3_4100178_1528677916484_816667_20874" refid="_18_5_3_4100178_1531351500499_385556_28239"/><bindingconnector classType="Connector" hasChild="true" hasLink="false" humanType="Binding Connector" icon="model_files/icon_bindingconnector_208688278.jpg" isRelationship="true" name="Binding Connector[testing.Maccuracy - Accuracy]" owner="_18_5_3_4100178_1528677916484_816667_20874" refid="_18_5_3_4100178_1531351532360_724267_28282"/><bindingconnector classType="Connector" hasChild="true" hasLink="false" humanType="Binding Connector" icon="model_files/icon_bindingconnector_208688278.jpg" isRelationship="true" name="Binding Connector[testing.Mprecision - Precision]" owner="_18_5_3_4100178_1528677916484_816667_20874" refid="_18_5_3_4100178_1531351547474_474144_28325"/><connector classType="Connector" hasChild="true" hasLink="false" humanType="Connector" icon="model_files/icon_connector_2065886345.jpg" isRelationship="true" name="Connector[DataPort - Measurement]" owner="_18_5_3_4100178_1528677916484_816667_20874" refid="_18_5_3_4100178_1531352160621_902393_29066"/><connector classType="Connector" hasChild="true" hasLink="false" humanType="Connector" icon="model_files/icon_connector_2065886345.jpg" isRelationship="true" name="Connector[meas - Input Signal]" owner="_18_5_3_4100178_1528677916484_816667_20874" refid="_18_5_3_4100178_1531352218803_135771_29126"/><valueproperty classType="Property" hasLink="false" humanType="Value Property" icon="model_files/icon_valueproperty_1727880555.jpg" name="Accuracy : Real" owner="_18_5_3_4100178_1528677916484_816667_20874" refid="_18_5_3_4100178_1531351532340_46462_28280"/><partproperty classType="Property" hasLink="false" humanType="Part Property" icon="model_files/icon_partproperty_1981374369.jpg" name="iMeasure : iMeasure [1..*]" owner="_18_5_3_4100178_1528677916484_816667_20874" refid="_18_5_3_4100178_1531352394298_874807_29179"/><valueproperty classType="Property" hasLink="false" humanType="Value Property" icon="model_files/icon_valueproperty_1727880555.jpg" name="Input Signal : Real" owner="_18_5_3_4100178_1528677916484_816667_20874" refid="_18_5_3_4100178_1531351465559_43384_28194"/><valueproperty classType="Property" hasLink="false" humanType="Value Property" icon="model_files/icon_valueproperty_1727880555.jpg" name="Measurement : Real" owner="_18_5_3_4100178_1528677916484_816667_20874" refid="_18_5_3_4100178_1531351500489_347386_28237"/><valueproperty classType="Property" hasLink="false" humanType="Value Property" icon="model_files/icon_valueproperty_1727880555.jpg" name="Precision : Real" owner="_18_5_3_4100178_1528677916484_816667_20874" refid="_18_5_3_4100178_1531351547456_464012_28323"/><constraintproperty classType="Property" hasLink="false" humanType="Constraint Property" icon="model_files/icon_constraintproperty_780252440.jpg" name="testing : Testing" owner="_18_5_3_4100178_1528677916484_816667_20874" refid="_18_5_3_4100178_1531351059503_442931_27995"/><fullport classType="Port" hasLink="false" humanType="Full Port" icon="model_files/icon_fullport_1191874608.jpg" name="meas : iMeasure" owner="_18_5_3_4100178_1528677916484_816667_20874" refid="_18_5_3_4100178_1531352210459_146124_29105"/><generalization classType="Generalization" hasLink="false" humanType="Generalization" icon="model_files/icon_generalization_1186657657.jpg" isRelationship="true" owner="_18_5_3_4100178_1528677916484_816667_20874" refid="_18_5_3_4100178_1528722388486_187354_21305"/><generalization classType="Generalization" hasLink="false" humanType="Generalization" icon="model_files/icon_generalization_1186657657.jpg" isRelationship="true" owner="_18_5_3_4100178_1528677916484_816667_20874" refid="_18_5_3_4100178_1530388090006_652243_17492"/></ownedElement></block>