<?xml version="1.0" encoding="UTF-8"?><diagramtype hasChild="true" name="SysML Internal Block Diagram" refid="sysmlinternalblockdiagram"><diagram classType="Diagram" humanType="Diagram" icon="model_files/icon_SysML Internal Block Diagram_1808374818.jpg" name="Application" refid="_18_5_3_4100178_1528504786306_750449_30629"/><diagram classType="Diagram" humanType="Diagram" icon="model_files/icon_SysML Internal Block Diagram_1808374818.jpg" name="Clock" refid="_18_5_3_4100178_1528725751706_703427_51733"/><diagram classType="Diagram" humanType="Diagram" icon="model_files/icon_SysML Internal Block Diagram_1808374818.jpg" name="Collision-example" refid="_18_5_3_4100178_1528052652187_122465_44526"/><diagram classType="Diagram" humanType="Diagram" icon="model_files/icon_SysML Internal Block Diagram_1808374818.jpg" name="Controller" refid="_18_5_3_4100178_1528595928731_389556_25098"/><diagram classType="Diagram" humanType="Diagram" icon="model_files/icon_SysML Internal Block Diagram_1808374818.jpg" name="Conveyor-control-example" refid="_18_5_3_4100178_1528052652196_770712_44556"/><diagram classType="Diagram" humanType="Diagram" icon="model_files/icon_SysML Internal Block Diagram_1808374818.jpg" name="Device" refid="_18_5_3_4100178_1530480762647_479055_16039"/><diagram classType="Diagram" humanType="Diagram" icon="model_files/icon_SysML Internal Block Diagram_1808374818.jpg" name="Human" refid="_18_5_3_4100178_1528507923416_734741_32246"/><diagram classType="Diagram" humanType="Diagram" icon="model_files/icon_SysML Internal Block Diagram_1808374818.jpg" name="IWN" refid="_18_5_3_4100178_1528052652145_419951_44323"/><diagram classType="Diagram" humanType="Diagram" icon="model_files/icon_SysML Internal Block Diagram_1808374818.jpg" name="Modem" refid="_18_5_3_4100178_1530535311837_865656_16721"/><diagram classType="Diagram" humanType="Diagram" icon="model_files/icon_SysML Internal Block Diagram_1808374818.jpg" name="NIST-IWS-FTFollower" refid="_18_5_3_4100178_1528511059176_3043_35350"/><diagram classType="Diagram" humanType="Diagram" icon="model_files/icon_SysML Internal Block Diagram_1808374818.jpg" name="NIST-IWS-FTLimit" refid="_18_5_3_4100178_1528722765286_501260_21397"/><diagram classType="Diagram" humanType="Diagram" icon="model_files/icon_SysML Internal Block Diagram_1808374818.jpg" name="PLC" refid="_18_5_3_6410209_1526939876540_548546_16152"/><diagram classType="Diagram" humanType="Diagram" icon="model_files/icon_SysML Internal Block Diagram_1808374818.jpg" name="Radio Channel" refid="_18_5_3_4100178_1530921407810_547860_20294"/><diagram classType="Diagram" humanType="Diagram" icon="model_files/icon_SysML Internal Block Diagram_1808374818.jpg" name="Radio Emitter" refid="_18_5_3_4100178_1531013451581_644834_26327"/><diagram classType="Diagram" humanType="Diagram" icon="model_files/icon_SysML Internal Block Diagram_1808374818.jpg" name="Robot" refid="_18_5_3_4100178_1527462240751_664319_52211"/><diagram classType="Diagram" humanType="Diagram" icon="model_files/icon_SysML Internal Block Diagram_1808374818.jpg" name="RobotController" refid="_18_5_3_6410209_1526678072572_334874_14867"/><diagram classType="Diagram" humanType="Diagram" icon="model_files/icon_SysML Internal Block Diagram_1808374818.jpg" name="Service" refid="_18_5_3_4100178_1530924295508_451446_25088"/><diagram classType="Diagram" humanType="Diagram" icon="model_files/icon_SysML Internal Block Diagram_1808374818.jpg" name="SMS Agent" refid="_18_5_3_6410209_1526765178039_466707_15167"/><diagram classType="Diagram" humanType="Diagram" icon="model_files/icon_SysML Internal Block Diagram_1808374818.jpg" name="Test Device" refid="_18_5_3_4100178_1531351816518_887572_28706"/><diagram classType="Diagram" humanType="Diagram" icon="model_files/icon_SysML Internal Block Diagram_1808374818.jpg" name="Transceiver" refid="_18_5_3_4100178_1527432713437_855720_48273"/><diagram classType="Diagram" humanType="Diagram" icon="model_files/icon_SysML Internal Block Diagram_1808374818.jpg" name="Two Robot Pick and Place" refid="_18_5_3_4100178_1530911636884_972619_17907"/><diagram classType="Diagram" humanType="Diagram" icon="model_files/icon_SysML Internal Block Diagram_1808374818.jpg" name="Vision Processor" refid="_18_5_3_6410209_1526940304245_539860_16526"/><diagram classType="Diagram" humanType="Diagram" icon="model_files/icon_SysML Internal Block Diagram_1808374818.jpg" name="Wireless Device" refid="_18_5_3_4100178_1528245385602_844363_16885"/><diagram classType="Diagram" humanType="Diagram" icon="model_files/icon_SysML Internal Block Diagram_1808374818.jpg" name="Wireless Sensor" refid="_18_5_3_4100178_1528589206777_825751_19175"/><diagram classType="Diagram" humanType="Diagram" icon="model_files/icon_SysML Internal Block Diagram_1808374818.jpg" name="Workcell" refid="_18_5_3_4100178_1530484997639_421667_21685"/></diagramtype>