<?xml version="1.0" encoding="UTF-8"?><package classType="Package" hasChild="true" hasLink="false" humanType="Package" icon="model_files/icon_package_1120670624.jpg" name="PLC" owner="_18_5_3_4100178_1528245235362_167672_16774" refid="_18_5_3_4100178_1527540789065_652569_18594"><ownedElement><diagram classType="Diagram" diagramType="sysmlblockdefinitiondiagram" hasLink="false" humanType="Diagram" icon="model_files/icon_SysML Block Definition Diagram_879458552.jpg" name="PLC" owner="_18_5_3_4100178_1527540789065_652569_18594" refid="_18_5_3_4100178_1528594972241_890527_24421"/><block classType="Class" hasChild="true" hasLink="true" humanType="Block" icon="model_files/icon_block_1637839270.jpg" name="PLC" owner="_18_5_3_4100178_1527540789065_652569_18594" refid="_18_5_3_6410209_1526676737644_222303_14507"/><allocate classType="Abstraction" hasLink="false" humanType="Allocate" icon="model_files/icon_allocate_2030121719.jpg" isRelationship="true" name="Allocate[PLC -&gt; Safety Controller]" owner="_18_5_3_4100178_1527540789065_652569_18594" refid="_18_5_3_4100178_1527868817755_542277_16525"/><association classType="Association" hasChild="true" hasLink="false" humanType="Association" icon="model_files/icon_association_1879329507.jpg" isRelationship="true" name="Association[PLC -&gt; wireless Interface:Transceiver]" owner="_18_5_3_4100178_1527540789065_652569_18594" refid="_18_5_3_4100178_1527433440621_159946_49513"/><association classType="Association" hasChild="true" hasLink="false" humanType="Association" icon="model_files/icon_association_1879329507.jpg" isRelationship="true" name="Association[logic:Application &lt;- PLC]" owner="_18_5_3_4100178_1527540789065_652569_18594" refid="_18_5_3_4100178_1530575638963_442694_25849"/><association classType="Association" hasChild="true" hasLink="false" humanType="Association" icon="model_files/icon_association_1879329507.jpg" isRelationship="true" name="Association[safety logic:Application &lt;- PLC]" owner="_18_5_3_4100178_1527540789065_652569_18594" refid="_18_5_3_4100178_1530575655228_218501_25853"/></ownedElement></package>