<?xml version="1.0" encoding="UTF-8"?><package classType="Package" hasChild="true" hasLink="false" humanType="Package" icon="model_files/icon_package_1120670624.jpg" name="Time" owner="_18_5_3_4100178_1530480919690_89994_16286" refid="_18_5_3_4100178_1528723141765_66221_22366"><ownedElement><diagram classType="Diagram" diagramType="sysmlblockdefinitiondiagram" hasLink="false" humanType="Diagram" icon="model_files/icon_SysML Block Definition Diagram_879458552.jpg" name="Time" owner="_18_5_3_4100178_1528723141765_66221_22366" refid="_18_5_3_4100178_1528723189557_139983_22370"/><block classType="Class" hasChild="true" hasLink="true" humanType="Block" icon="model_files/icon_block_1637839270.jpg" name="Clock" owner="_18_5_3_4100178_1528723141765_66221_22366" refid="_18_5_3_4100178_1528723178588_208020_22368"/><constraintblock classType="Class" hasChild="true" hasLink="false" humanType="Constraint Block" icon="model_files/icon_constraintblock_900794583.jpg" name="Clock Performance" owner="_18_5_3_4100178_1528723141765_66221_22366" refid="_18_5_3_4100178_1528726806936_430247_52507"/><block classType="Class" hasChild="true" hasLink="false" humanType="Block" icon="model_files/icon_block_1637839270.jpg" name="Local Clock" owner="_18_5_3_4100178_1528723141765_66221_22366" refid="_18_5_3_4100178_1530479989072_188254_15818"/><block classType="Class" hasChild="true" hasLink="true" humanType="Block" icon="model_files/icon_block_1637839270.jpg" name="Master Clock" owner="_18_5_3_4100178_1528723141765_66221_22366" refid="_18_5_3_4100178_1528724066763_364774_22447"/><block classType="Class" hasChild="true" hasLink="false" humanType="Block" icon="model_files/icon_block_1637839270.jpg" name="Slave Clock" owner="_18_5_3_4100178_1528723141765_66221_22366" refid="_18_5_3_4100178_1528725213476_213415_22496"/><association classType="Association" hasChild="true" hasLink="false" humanType="Association" icon="model_files/icon_association_1879329507.jpg" isRelationship="true" name="Association[Clock -&gt; tc1:Clock Performance]" owner="_18_5_3_4100178_1528723141765_66221_22366" refid="_18_5_3_4100178_1528726811585_516445_52545"/><association classType="Association" hasChild="true" hasLink="false" humanType="Association" icon="model_files/icon_association_1879329507.jpg" isRelationship="true" name="Association[Master Clock -&gt; time:Clock Performance]" owner="_18_5_3_4100178_1528723141765_66221_22366" refid="_18_5_3_4100178_1530066690635_990480_26539"/><association classType="Association" hasChild="true" hasLink="false" humanType="Association" icon="model_files/icon_association_1879329507.jpg" isRelationship="true" name="Association[Local Clock -&gt; time:Clock Performance]" owner="_18_5_3_4100178_1528723141765_66221_22366" refid="_18_5_3_4100178_1530480011756_973708_15868"/></ownedElement></package>