<?xml version="1.0" encoding="UTF-8"?><package classType="Package" hasChild="true" hasLink="false" humanType="Package" icon="model_files/icon_package_1120670624.jpg" name="Factory Workcell" owner="eee_1045467100313_135436_1" refid="_18_5_3_4100178_1528245235362_167672_16774"><ownedElement><diagram classType="Diagram" diagramType="sysmlblockdefinitiondiagram" hasLink="false" humanType="Diagram" icon="model_files/icon_SysML Block Definition Diagram_635657723.jpg" name="Conceptual" owner="_18_5_3_4100178_1528245235362_167672_16774" refid="_18_5_3_4100178_1528052652130_247719_44302"/><diagram classType="Diagram" diagramType="sysmlblockdefinitiondiagram" hasLink="false" humanType="Diagram" icon="model_files/icon_SysML Block Definition Diagram_635657723.jpg" name="Factory Workcell" owner="_18_5_3_4100178_1528245235362_167672_16774" refid="_18_5_3_4100178_1530658513051_99425_16776"/><diagram classType="Diagram" diagramType="sysmlpackagediagram" hasLink="false" humanType="Diagram" icon="model_files/icon_SysML Package Diagram_1454456416.jpg" name="Workcell" owner="_18_5_3_4100178_1528245235362_167672_16774" refid="_18_5_3_6410209_1524950054475_8708_14038"/><diagram classType="Diagram" diagramType="sysmlblockdefinitiondiagram" hasLink="false" humanType="Diagram" icon="model_files/icon_SysML Block Definition Diagram_635657723.jpg" name="Workcell-control" owner="_18_5_3_4100178_1528245235362_167672_16774" refid="_18_5_3_4100178_1527536419466_340235_17153"/><diagram classType="Diagram" diagramType="sysmlblockdefinitiondiagram" hasLink="false" humanType="Diagram" icon="model_files/icon_SysML Block Definition Diagram_635657723.jpg" name="Workcell-edge" owner="_18_5_3_4100178_1528245235362_167672_16774" refid="_18_5_3_6410209_1524950149051_678682_14102"/><diagram classType="Diagram" diagramType="sysmlblockdefinitiondiagram" hasLink="false" humanType="Diagram" icon="model_files/icon_SysML Block Definition Diagram_635657723.jpg" name="Workcell-robot" owner="_18_5_3_4100178_1528245235362_167672_16774" refid="_18_5_3_4100178_1527546630602_747749_19567"/><package classType="Package" hasChild="true" hasLink="false" humanType="Package" icon="model_files/icon_package_1120670624.jpg" name="Application" owner="_18_5_3_4100178_1528245235362_167672_16774" refid="_18_5_3_4100178_1530481111709_738887_16381"/><package classType="Package" hasChild="true" hasLink="false" humanType="Package" icon="model_files/icon_package_1120670624.jpg" name="CNC" owner="_18_5_3_4100178_1528245235362_167672_16774" refid="_18_5_3_4100178_1527538734169_428686_17746"/><package classType="Package" hasChild="true" hasLink="false" humanType="Package" icon="model_files/icon_package_1120670624.jpg" name="Devices" owner="_18_5_3_4100178_1528245235362_167672_16774" refid="_18_5_3_4100178_1527540713312_469944_18550"/><package classType="Package" hasChild="true" hasLink="false" humanType="Package" icon="model_files/icon_package_1120670624.jpg" name="General" owner="_18_5_3_4100178_1528245235362_167672_16774" refid="_18_5_3_4100178_1530480919690_89994_16286"/><package classType="Package" hasChild="true" hasLink="false" humanType="Package" icon="model_files/icon_package_1120670624.jpg" name="HMI" owner="_18_5_3_4100178_1528245235362_167672_16774" refid="_18_5_3_4100178_1527540752247_832360_18575"/><package classType="Package" hasChild="true" hasLink="false" humanType="Package" icon="model_files/icon_package_1120670624.jpg" name="Human" owner="_18_5_3_4100178_1528245235362_167672_16774" refid="_18_5_3_4100178_1528244168465_146740_15753"/><package classType="Package" hasChild="true" hasLink="false" humanType="Package" icon="model_files/icon_package_1120670624.jpg" name="Network" owner="_18_5_3_4100178_1528245235362_167672_16774" refid="_18_5_3_4100178_1530373125552_25526_16818"/><package classType="Package" hasChild="true" hasLink="false" humanType="Package" icon="model_files/icon_package_1120670624.jpg" name="PLC" owner="_18_5_3_4100178_1528245235362_167672_16774" refid="_18_5_3_4100178_1527540789065_652569_18594"/><package classType="Package" hasChild="true" hasLink="false" humanType="Package" icon="model_files/icon_package_1120670624.jpg" name="Robotics" owner="_18_5_3_4100178_1528245235362_167672_16774" refid="_18_5_3_4100178_1527462908523_30601_52587"/><package classType="Package" hasChild="true" hasLink="false" humanType="Package" icon="model_files/icon_package_1120670624.jpg" name="Safety" owner="_18_5_3_4100178_1528245235362_167672_16774" refid="_18_5_3_4100178_1527462947610_881113_52624"/><package classType="Package" hasChild="true" hasLink="false" humanType="Package" icon="model_files/icon_package_1120670624.jpg" name="SMS" owner="_18_5_3_4100178_1528245235362_167672_16774" refid="_18_5_3_4100178_1527439469321_794067_51866"/><package classType="Package" hasChild="true" hasLink="false" humanType="Package" icon="model_files/icon_package_1120670624.jpg" name="Vision" owner="_18_5_3_4100178_1528245235362_167672_16774" refid="_18_5_3_4100178_1527463018700_201037_52659"/><block classType="Class" hasChild="true" hasLink="true" humanType="Block" icon="model_files/icon_block_688025479.jpg" name="Workcell" owner="_18_5_3_4100178_1528245235362_167672_16774" refid="_18_5_3_4100178_1527302110806_938649_14943"/><association classType="Association" hasChild="true" hasLink="false" humanType="Association" icon="model_files/icon_association_184775615.jpg" isRelationship="true" name="Association[Workcell -&gt; robotController:RobotController]" owner="_18_5_3_4100178_1528245235362_167672_16774" refid="_18_5_3_4100178_1527302139509_168398_15049"/><association classType="Association" hasChild="true" hasLink="false" humanType="Association" icon="model_files/icon_association_184775615.jpg" isRelationship="true" name="Association[Workcell -&gt; sMS Agent:SMS Agent]" owner="_18_5_3_4100178_1528245235362_167672_16774" refid="_18_5_3_4100178_1527302243201_56858_15224"/><association classType="Association" hasChild="true" hasLink="false" humanType="Association" icon="model_files/icon_association_184775615.jpg" isRelationship="true" name="Association[Workcell -&gt; supervisor:PLC]" owner="_18_5_3_4100178_1528245235362_167672_16774" refid="_18_5_3_4100178_1527302277038_110896_15328"/><association classType="Association" hasChild="true" hasLink="false" humanType="Association" icon="model_files/icon_association_184775615.jpg" isRelationship="true" name="Association[Workcell -&gt; vision Processing:Vision Processor]" owner="_18_5_3_4100178_1528245235362_167672_16774" refid="_18_5_3_4100178_1527302293220_354778_15413"/><association classType="Association" hasChild="true" hasLink="false" humanType="Association" icon="model_files/icon_association_184775615.jpg" isRelationship="true" name="Association[Workcell -&gt; safety Monitor:Safety Controller]" owner="_18_5_3_4100178_1528245235362_167672_16774" refid="_18_5_3_4100178_1527302313602_155932_15503"/><association classType="Association" hasChild="true" hasLink="false" humanType="Association" icon="model_files/icon_association_1500703284.jpg" isRelationship="true" name="Association[Workcell -&gt; human:Human]" owner="_18_5_3_4100178_1528245235362_167672_16774" refid="_18_5_3_4100178_1527372629481_623635_18656"/><association classType="Association" hasChild="true" hasLink="false" humanType="Association" icon="model_files/icon_association_184775615.jpg" isRelationship="true" name="Association[Workcell -&gt; HMI:HMI]" owner="_18_5_3_4100178_1528245235362_167672_16774" refid="_18_5_3_4100178_1527462113538_558375_52026"/><association classType="Association" hasChild="true" hasLink="false" humanType="Association" icon="model_files/icon_association_184775615.jpg" isRelationship="true" name="Association[Workcell -&gt; CNC:CNC]" owner="_18_5_3_4100178_1528245235362_167672_16774" refid="_18_5_3_4100178_1527462149244_167768_52125"/></ownedElement></package>