<?xml version="1.0" encoding="UTF-8"?><block classType="Class" hasChild="true" hasLink="true" humanType="Block" icon="model_files/icon_block_1637839270.jpg" name="Clock" owner="_18_5_3_4100178_1528723141765_66221_22366" refid="_18_5_3_4100178_1528723178588_208020_22368"><ownedElement><diagram classType="Diagram" diagramType="sysmlinternalblockdiagram" hasLink="false" humanType="Diagram" icon="model_files/icon_SysML Internal Block Diagram_438580124.jpg" name="Clock" owner="_18_5_3_4100178_1528723178588_208020_22368" refid="_18_5_3_4100178_1528725751706_703427_51733"/><diagram classType="Diagram" diagramType="sysmlparametricdiagram" hasLink="false" humanType="Diagram" icon="model_files/icon_SysML Parametric Diagram_2115186993.jpg" name="Clock" owner="_18_5_3_4100178_1528723178588_208020_22368" refid="_18_5_3_4100178_1528726671856_346561_52257"/><connector classType="Connector" hasChild="true" hasLink="false" humanType="Connector" icon="model_files/icon_connector_2065886345.jpg" isRelationship="true" name="Connector[time - t]" owner="_18_5_3_4100178_1528723178588_208020_22368" refid="_18_5_3_4100178_1528726762311_355064_52490"/><bindingconnector classType="Connector" hasChild="true" hasLink="false" humanType="Binding Connector" icon="model_files/icon_bindingconnector_816925276.jpg" isRelationship="true" name="Binding Connector[accuracy - tc1.accuracy]" owner="_18_5_3_4100178_1528723178588_208020_22368" refid="_18_5_3_4100178_1528726841369_874174_52601"/><bindingconnector classType="Connector" hasChild="true" hasLink="false" humanType="Binding Connector" icon="model_files/icon_bindingconnector_816925276.jpg" isRelationship="true" name="Binding Connector[drift - tc1.drift]" owner="_18_5_3_4100178_1528723178588_208020_22368" refid="_18_5_3_4100178_1528726850811_958385_52633"/><bindingconnector classType="Connector" hasChild="true" hasLink="false" humanType="Binding Connector" icon="model_files/icon_bindingconnector_816925276.jpg" isRelationship="true" name="Binding Connector[precision - tc1.precision]" owner="_18_5_3_4100178_1528723178588_208020_22368" refid="_18_5_3_4100178_1528726853307_362434_52665"/><bindingconnector classType="Connector" hasChild="true" hasLink="false" humanType="Binding Connector" icon="model_files/icon_bindingconnector_816925276.jpg" isRelationship="true" name="Binding Connector[time - tc1.time]" owner="_18_5_3_4100178_1528723178588_208020_22368" refid="_18_5_3_4100178_1530573433570_71750_24014"/><bindingconnector classType="Connector" hasChild="true" hasLink="false" humanType="Binding Connector" icon="model_files/icon_bindingconnector_816925276.jpg" isRelationship="true" name="Binding Connector[jitter - tc1.jitter]" owner="_18_5_3_4100178_1528723178588_208020_22368" refid="_18_5_3_4100178_1530573452755_888584_24045"/><valueproperty classType="Property" hasLink="false" humanType="Value Property" icon="model_files/icon_valueproperty_1461574858.jpg" name="accuracy : time[second]" owner="_18_5_3_4100178_1528723178588_208020_22368" refid="_18_5_3_4100178_1528725757886_558496_51768"/><valueproperty classType="Property" hasLink="false" humanType="Value Property" icon="model_files/icon_valueproperty_1461574858.jpg" name="drift : Real = 0.0" owner="_18_5_3_4100178_1528723178588_208020_22368" refid="_18_5_3_4100178_1528725839452_195964_51826"/><valueproperty classType="Property" hasLink="false" humanType="Value Property" icon="model_files/icon_valueproperty_1461574858.jpg" name="jitter : Real" owner="_18_5_3_4100178_1528723178588_208020_22368" refid="_18_5_3_4100178_1528726576198_569516_52196"/><valueproperty classType="Property" hasLink="false" humanType="Value Property" icon="model_files/icon_valueproperty_1461574858.jpg" name="precision : time[second]" owner="_18_5_3_4100178_1528723178588_208020_22368" refid="_18_5_3_4100178_1528725782487_234451_51797"/><constraintproperty classType="Property" hasLink="false" humanType="Constraint Property" icon="model_files/icon_constraintproperty_300730094.jpg" name="tc1 : Clock Performance" owner="_18_5_3_4100178_1528723178588_208020_22368" refid="_18_5_3_4100178_1528726811585_450557_52546"/><valueproperty classType="Property" hasLink="false" humanType="Value Property" icon="model_files/icon_valueproperty_1461574858.jpg" name="time : time" owner="_18_5_3_4100178_1528723178588_208020_22368" refid="_18_5_3_4100178_1528726700668_979510_52416"/><port classType="Port" hasLink="false" humanType="Port" icon="model_files/icon_port_1191874608.jpg" name="source : time" owner="_18_5_3_4100178_1528723178588_208020_22368" refid="_18_5_3_4100178_1530573971810_78203_24274"/><port classType="Port" hasLink="false" humanType="Port" icon="model_files/icon_port_1191874608.jpg" name="t : time" owner="_18_5_3_4100178_1528723178588_208020_22368" refid="_18_5_3_4100178_1528726343064_703619_51894"/><constraint classType="Constraint" hasLink="false" humanType="Constraint" icon="model_files/icon_constraint_842422776.jpg" name="unnamed1=computeTime" owner="_18_5_3_4100178_1528723178588_208020_22368" refid="_18_5_3_4100178_1528726648192_926878_52251"/></ownedElement></block>