<?xml version="1.0" encoding="UTF-8"?><package classType="Package" hasChild="true" hasLink="false" humanType="Package" icon="model_files/icon_package_1120670624.jpg" name="Conceptual Examples" owner="eee_1045467100313_135436_1" refid="_18_5_3_4100178_1528052652126_224371_44298"><ownedElement><diagram classType="Diagram" diagramType="sysmlblockdefinitiondiagram" hasLink="false" humanType="Diagram" icon="model_files/icon_SysML Block Definition Diagram_879458552.jpg" name="Conceptual Examples" owner="_18_5_3_4100178_1528052652126_224371_44298" refid="_18_5_3_4100178_1530658436169_700935_16546"/><block classType="Class" hasChild="true" hasLink="true" humanType="Block" icon="model_files/icon_block_1637839270.jpg" name="Collision-example" owner="_18_5_3_4100178_1528052652126_224371_44298" refid="_18_5_3_4100178_1528052652168_560004_44409"/><block classType="Class" hasChild="true" hasLink="true" humanType="Block" icon="model_files/icon_block_1637839270.jpg" name="Conveyor-control-example" owner="_18_5_3_4100178_1528052652126_224371_44298" refid="_18_5_3_4100178_1528052652168_71540_44414"/><block classType="Class" hasChild="true" hasLink="true" humanType="Block" icon="model_files/icon_block_1637839270.jpg" name="FT Follower Testbed" owner="_18_5_3_4100178_1528052652126_224371_44298" refid="_18_5_3_4100178_1528394397950_490727_29868"/><block classType="Class" hasChild="true" hasLink="true" humanType="Block" icon="model_files/icon_block_1637839270.jpg" name="FT Force Limit Testbed" owner="_18_5_3_4100178_1528052652126_224371_44298" refid="_18_5_3_4100178_1528722765271_342223_21396"/><block classType="Class" hasChild="true" hasLink="true" humanType="Block" icon="model_files/icon_block_1637839270.jpg" name="Two Robot Pick and Place" owner="_18_5_3_4100178_1528052652126_224371_44298" refid="_18_5_3_4100178_1530911617664_344819_17905"/><association classType="Association" hasChild="true" hasLink="false" humanType="Association" icon="model_files/icon_association_1879329507.jpg" isRelationship="true" name="Association[robot2:Wireless Device &lt;- Collision-example]" owner="_18_5_3_4100178_1528052652126_224371_44298" refid="_18_5_3_4100178_1528052652168_611216_44411"/><association classType="Association" hasChild="true" hasLink="false" humanType="Association" icon="model_files/icon_association_1879329507.jpg" isRelationship="true" name="Association[robot1:Wireless Device &lt;- Collision-example]" owner="_18_5_3_4100178_1528052652126_224371_44298" refid="_18_5_3_4100178_1528052652168_658518_44410"/><association classType="Association" hasChild="true" hasLink="false" humanType="Association" icon="model_files/icon_association_1879329507.jpg" isRelationship="true" name="Association[collisionMonitor:Wireless Device &lt;- Collision-example]" owner="_18_5_3_4100178_1528052652126_224371_44298" refid="_18_5_3_4100178_1528052652168_78107_44413"/><association classType="Association" hasChild="true" hasLink="false" humanType="Association" icon="model_files/icon_association_1879329507.jpg" isRelationship="true" name="Association[iwn:IWN &lt;- Collision-example]" owner="_18_5_3_4100178_1528052652126_224371_44298" refid="_18_5_3_4100178_1528052652168_907550_44412"/><association classType="Association" hasChild="true" hasLink="false" humanType="Association" icon="model_files/icon_association_1879329507.jpg" isRelationship="true" name="Association[proximitySensor1:Wireless Device &lt;- Conveyor-control-example]" owner="_18_5_3_4100178_1528052652126_224371_44298" refid="_18_5_3_4100178_1528052652169_269152_44417"/><association classType="Association" hasChild="true" hasLink="false" humanType="Association" icon="model_files/icon_association_1879329507.jpg" isRelationship="true" name="Association[motorDrive:Wireless Device &lt;- Conveyor-control-example]" owner="_18_5_3_4100178_1528052652126_224371_44298" refid="_18_5_3_4100178_1528052652169_275735_44415"/><association classType="Association" hasChild="true" hasLink="false" humanType="Association" icon="model_files/icon_association_1879329507.jpg" isRelationship="true" name="Association[network:IWN &lt;- Conveyor-control-example]" owner="_18_5_3_4100178_1528052652126_224371_44298" refid="_18_5_3_4100178_1528052652169_544146_44418"/><association classType="Association" hasChild="true" hasLink="false" humanType="Association" icon="model_files/icon_association_1879329507.jpg" isRelationship="true" name="Association[PLC1:Wireless Device &lt;- Conveyor-control-example]" owner="_18_5_3_4100178_1528052652126_224371_44298" refid="_18_5_3_4100178_1528052652169_585404_44416"/><association classType="Association" hasChild="true" hasLink="false" humanType="Association" icon="model_files/icon_association_1879329507.jpg" isRelationship="true" name="Association[estop:Wireless Device &lt;- Collision-example]" owner="_18_5_3_4100178_1528052652126_224371_44298" refid="_18_5_3_4100178_1528249378689_728208_21728"/><association classType="Association" hasChild="true" hasLink="false" humanType="Association" icon="model_files/icon_association_1879329507.jpg" isRelationship="true" name="Association[RC1:RobotController &lt;- FT Follower Testbed]" owner="_18_5_3_4100178_1528052652126_224371_44298" refid="_18_5_3_4100178_1528587964575_934057_18124"/><association classType="Association" hasChild="true" hasLink="false" humanType="Association" icon="model_files/icon_association_1879329507.jpg" isRelationship="true" name="Association[RC2:RobotController &lt;- FT Follower Testbed]" owner="_18_5_3_4100178_1528052652126_224371_44298" refid="_18_5_3_4100178_1528587968619_249275_18160"/><association classType="Association" hasChild="true" hasLink="false" humanType="Association" icon="model_files/icon_association_1879329507.jpg" isRelationship="true" name="Association[R1:Robot &lt;- FT Follower Testbed]" owner="_18_5_3_4100178_1528052652126_224371_44298" refid="_18_5_3_4100178_1528587974831_326360_18196"/><association classType="Association" hasChild="true" hasLink="false" humanType="Association" icon="model_files/icon_association_1879329507.jpg" isRelationship="true" name="Association[R2:Robot &lt;- FT Follower Testbed]" owner="_18_5_3_4100178_1528052652126_224371_44298" refid="_18_5_3_4100178_1528587979678_803964_18232"/><association classType="Association" hasChild="true" hasLink="false" humanType="Association" icon="model_files/icon_association_1879329507.jpg" isRelationship="true" name="Association[supervisor:PLC &lt;- FT Follower Testbed]" owner="_18_5_3_4100178_1528052652126_224371_44298" refid="_18_5_3_4100178_1528588578862_633353_18822"/><association classType="Association" hasChild="true" hasLink="false" humanType="Association" icon="model_files/icon_association_1879329507.jpg" isRelationship="true" name="Association[tracker:Vision Processor &lt;- FT Follower Testbed]" owner="_18_5_3_4100178_1528052652126_224371_44298" refid="_18_5_3_4100178_1528588855779_418722_18894"/><association classType="Association" hasChild="true" hasLink="false" humanType="Association" icon="model_files/icon_association_1879329507.jpg" isRelationship="true" name="Association[FTsensor1:Wireless Sensor &lt;- FT Follower Testbed]" owner="_18_5_3_4100178_1528052652126_224371_44298" refid="_18_5_3_4100178_1528589105642_959697_18954"/><association classType="Association" hasChild="true" hasLink="false" humanType="Association" icon="model_files/icon_association_1879329507.jpg" isRelationship="true" name="Association[FTsensor2:Wireless Sensor &lt;- FT Follower Testbed]" owner="_18_5_3_4100178_1528052652126_224371_44298" refid="_18_5_3_4100178_1528589133643_523332_18990"/><association classType="Association" hasChild="true" hasLink="false" humanType="Association" icon="model_files/icon_association_1879329507.jpg" isRelationship="true" name="Association[802.1bgn-CH1:IWN &lt;- FT Follower Testbed]" owner="_18_5_3_4100178_1528052652126_224371_44298" refid="_18_5_3_4100178_1528592555855_637193_22839"/><association classType="Association" hasChild="true" hasLink="false" humanType="Association" icon="model_files/icon_association_1879329507.jpg" isRelationship="true" name="Association[monitor:SMS Agent &lt;- FT Follower Testbed]" owner="_18_5_3_4100178_1528052652126_224371_44298" refid="_18_5_3_4100178_1528597428998_853278_26575"/><association classType="Association" hasChild="true" hasLink="false" humanType="Association" icon="model_files/icon_association_1879329507.jpg" isRelationship="true" name="Association[FTSensor:Sensor &lt;- FT Follower Testbed]" owner="_18_5_3_4100178_1528052652126_224371_44298" refid="_18_5_3_4100178_1528722528954_130089_21339"/><association classType="Association" hasChild="true" hasLink="false" humanType="Association" icon="model_files/icon_association_1879329507.jpg" isRelationship="true" name="Association[FT sensor:Test Device &lt;- FT Follower Testbed]" owner="_18_5_3_4100178_1528052652126_224371_44298" refid="_18_5_3_4100178_1528722566276_504347_21375"/><association classType="Association" hasChild="true" hasLink="false" humanType="Association" icon="model_files/icon_association_1879329507.jpg" isRelationship="true" name="Association[RC1:RobotController &lt;- FT Force Limit Testbed]" owner="_18_5_3_4100178_1528052652126_224371_44298" refid="_18_5_3_4100178_1528722765559_108137_22279"/><association classType="Association" hasChild="true" hasLink="false" humanType="Association" icon="model_files/icon_association_1879329507.jpg" isRelationship="true" name="Association[RC2:RobotController &lt;- FT Force Limit Testbed]" owner="_18_5_3_4100178_1528052652126_224371_44298" refid="_18_5_3_4100178_1528722765560_436123_22282"/><association classType="Association" hasChild="true" hasLink="false" humanType="Association" icon="model_files/icon_association_1879329507.jpg" isRelationship="true" name="Association[R1:Robot &lt;- FT Force Limit Testbed]" owner="_18_5_3_4100178_1528052652126_224371_44298" refid="_18_5_3_4100178_1528722765561_263295_22285"/><association classType="Association" hasChild="true" hasLink="false" humanType="Association" icon="model_files/icon_association_1879329507.jpg" isRelationship="true" name="Association[supervisor:PLC &lt;- FT Force Limit Testbed]" owner="_18_5_3_4100178_1528052652126_224371_44298" refid="_18_5_3_4100178_1528722765562_489726_22291"/><association classType="Association" hasChild="true" hasLink="false" humanType="Association" icon="model_files/icon_association_1879329507.jpg" isRelationship="true" name="Association[R2:Robot &lt;- FT Force Limit Testbed]" owner="_18_5_3_4100178_1528052652126_224371_44298" refid="_18_5_3_4100178_1528722765562_813969_22288"/><association classType="Association" hasChild="true" hasLink="false" humanType="Association" icon="model_files/icon_association_1879329507.jpg" isRelationship="true" name="Association[tracker:Vision Processor &lt;- FT Force Limit Testbed]" owner="_18_5_3_4100178_1528052652126_224371_44298" refid="_18_5_3_4100178_1528722765563_670923_22294"/><association classType="Association" hasChild="true" hasLink="false" humanType="Association" icon="model_files/icon_association_1879329507.jpg" isRelationship="true" name="Association[FTsensor1:Wireless Sensor &lt;- FT Force Limit Testbed]" owner="_18_5_3_4100178_1528052652126_224371_44298" refid="_18_5_3_4100178_1528722765563_736516_22297"/><association classType="Association" hasChild="true" hasLink="false" humanType="Association" icon="model_files/icon_association_1879329507.jpg" isRelationship="true" name="Association[FTsensor2:Wireless Sensor &lt;- FT Force Limit Testbed]" owner="_18_5_3_4100178_1528052652126_224371_44298" refid="_18_5_3_4100178_1528722765564_695206_22300"/><association classType="Association" hasChild="true" hasLink="false" humanType="Association" icon="model_files/icon_association_1879329507.jpg" isRelationship="true" name="Association[802.1bgn-CH1:IWN &lt;- FT Force Limit Testbed]" owner="_18_5_3_4100178_1528052652126_224371_44298" refid="_18_5_3_4100178_1528722765564_847398_22303"/><association classType="Association" hasChild="true" hasLink="false" humanType="Association" icon="model_files/icon_association_1879329507.jpg" isRelationship="true" name="Association[monitor:SMS Agent &lt;- FT Force Limit Testbed]" owner="_18_5_3_4100178_1528052652126_224371_44298" refid="_18_5_3_4100178_1528722765565_57613_22306"/><association classType="Association" hasChild="true" hasLink="false" humanType="Association" icon="model_files/icon_association_1879329507.jpg" isRelationship="true" name="Association[FTSensor:Sensor &lt;- FT Force Limit Testbed]" owner="_18_5_3_4100178_1528052652126_224371_44298" refid="_18_5_3_4100178_1528722765565_991539_22309"/><association classType="Association" hasChild="true" hasLink="false" humanType="Association" icon="model_files/icon_association_1879329507.jpg" isRelationship="true" name="Association[F Sensor:Test Device &lt;- FT Force Limit Testbed]" owner="_18_5_3_4100178_1528052652126_224371_44298" refid="_18_5_3_4100178_1528722765566_792233_22312"/><association classType="Association" hasChild="true" hasLink="false" humanType="Association" icon="model_files/icon_association_1879329507.jpg" isRelationship="true" name="Association[RC1:RobotController &lt;- Two Robot Pick and Place]" owner="_18_5_3_4100178_1528052652126_224371_44298" refid="_18_5_3_4100178_1530911751844_351241_17979"/><association classType="Association" hasChild="true" hasLink="false" humanType="Association" icon="model_files/icon_association_1879329507.jpg" isRelationship="true" name="Association[RC2:RobotController &lt;- Two Robot Pick and Place]" owner="_18_5_3_4100178_1528052652126_224371_44298" refid="_18_5_3_4100178_1530911785161_991602_17984"/><association classType="Association" hasChild="true" hasLink="false" humanType="Association" icon="model_files/icon_association_1879329507.jpg" isRelationship="true" name="Association[net:IWN &lt;- Two Robot Pick and Place]" owner="_18_5_3_4100178_1528052652126_224371_44298" refid="_18_5_3_4100178_1530912400540_101356_19013"/><association classType="Association" hasChild="true" hasLink="false" humanType="Association" icon="model_files/icon_association_1879329507.jpg" isRelationship="true" name="Association[proxSensor:Wireless Device &lt;- Two Robot Pick and Place]" owner="_18_5_3_4100178_1528052652126_224371_44298" refid="_18_5_3_4100178_1530913623562_452007_21138"/><association classType="Association" hasChild="true" hasLink="false" humanType="Association" icon="model_files/icon_association_1879329507.jpg" isRelationship="true" name="Association[J:AddJ &lt;- Two Robot Pick and Place]" owner="_18_5_3_4100178_1528052652126_224371_44298" refid="_18_5_3_4100178_1530922224697_372059_21795"/><association classType="Association" hasChild="true" hasLink="false" humanType="Association" icon="model_files/icon_association_1879329507.jpg" isRelationship="true" name="Association[network:IWN &lt;- Two Robot Pick and Place]" owner="_18_5_3_4100178_1528052652126_224371_44298" refid="_18_5_3_4100178_1530922572236_747570_22820"/><association classType="Association" hasChild="true" hasLink="false" humanType="Association" icon="model_files/icon_association_1879329507.jpg" isRelationship="true" name="Association[jammer:Radio Emitter &lt;- Two Robot Pick and Place]" owner="_18_5_3_4100178_1528052652126_224371_44298" refid="_18_5_3_4100178_1530922640447_451788_22916"/></ownedElement></package>