<?xml version="1.0" encoding="UTF-8"?><constraintblock classType="Class" hasChild="true" hasLink="false" humanType="Constraint Block" icon="model_files/icon_constraintblock_900794583.jpg" name="Clock Performance" owner="_18_5_3_4100178_1528723141765_66221_22366" refid="_18_5_3_4100178_1528726806936_430247_52507"><ownedElement><constraintparameter classType="Port" hasLink="false" humanType="Constraint Parameter" icon="model_files/icon_constraintparameter_2098955135.jpg" name="accuracy : Real" owner="_18_5_3_4100178_1528726806936_430247_52507" refid="_18_5_3_4100178_1528726841369_253364_52605"/><constraintparameter classType="Port" hasLink="false" humanType="Constraint Parameter" icon="model_files/icon_constraintparameter_2098955135.jpg" name="drift : Real" owner="_18_5_3_4100178_1528726806936_430247_52507" refid="_18_5_3_4100178_1528726850826_183987_52637"/><constraintparameter classType="Port" hasLink="false" humanType="Constraint Parameter" icon="model_files/icon_constraintparameter_2098955135.jpg" name="jitter : Real" owner="_18_5_3_4100178_1528726806936_430247_52507" refid="_18_5_3_4100178_1530573452758_990846_24049"/><constraintparameter classType="Port" hasLink="false" humanType="Constraint Parameter" icon="model_files/icon_constraintparameter_2098955135.jpg" name="precision : Real" owner="_18_5_3_4100178_1528726806936_430247_52507" refid="_18_5_3_4100178_1528726853307_14721_52669"/><constraintparameter classType="Port" hasLink="false" humanType="Constraint Parameter" icon="model_files/icon_constraintparameter_2098955135.jpg" name="time : time" owner="_18_5_3_4100178_1528726806936_430247_52507" refid="_18_5_3_4100178_1530573433576_503319_24018"/><constraint classType="Constraint" hasLink="false" humanType="Constraint" icon="model_files/icon_constraint_842422776.jpg" name="generateTime=time: keepTime" owner="_18_5_3_4100178_1528726806936_430247_52507" refid="_18_5_3_4100178_1530574015288_131715_24287"/><constraint classType="Constraint" hasLink="false" humanType="Constraint" icon="model_files/icon_constraint_842422776.jpg" name="=A:accuracy,D:drift,P:precision" owner="_18_5_3_4100178_1528726806936_430247_52507" refid="_18_5_3_4100178_1528726806967_654677_52538"/></ownedElement></constraintblock>