<?xml version="1.0" encoding="UTF-8"?><block classType="Class" hasChild="true" hasLink="true" humanType="Block" icon="model_files/icon_block_1637839270.jpg" name="Controller" owner="_18_5_3_4100178_1530657874850_572349_15948" refid="_18_5_3_4100178_1528595804244_905952_25010"><ownedElement><diagram classType="Diagram" diagramType="sysmlinternalblockdiagram" hasLink="false" humanType="Diagram" icon="model_files/icon_SysML Internal Block Diagram_438580124.jpg" name="Controller" owner="_18_5_3_4100178_1528595804244_905952_25010" refid="_18_5_3_4100178_1528595928731_389556_25098"/><connector classType="Connector" hasChild="true" hasLink="false" humanType="Connector" icon="model_files/icon_connector_2065886345.jpg" isRelationship="true" name="Connector:SMStoPLC[smsCtl - rCtl]" owner="_18_5_3_4100178_1528595804244_905952_25010" refid="_18_5_3_4100178_1528597522248_253234_26600"/><connector classType="Connector" hasChild="true" hasLink="false" humanType="Connector" icon="model_files/icon_connector_2065886345.jpg" isRelationship="true" name="Connector[rCtl.xcvr - xcvr.xcvr]" owner="_18_5_3_4100178_1528595804244_905952_25010" refid="_18_5_3_4100178_1528596350184_312805_25781"/><connector classType="Connector" hasChild="true" hasLink="false" humanType="Connector" icon="model_files/icon_connector_2065886345.jpg" isRelationship="true" name="Connector[smsCtl.xcvr - xcvr.xcvr]" owner="_18_5_3_4100178_1528595804244_905952_25010" refid="_18_5_3_4100178_1528596465571_835940_25969"/><partproperty classType="Property" hasLink="false" humanType="Part Property" icon="model_files/icon_partproperty_1906102801.jpg" name="rCtl : Application" owner="_18_5_3_4100178_1528595804244_905952_25010" refid="_18_5_3_4100178_1528596322659_414134_25679"/><partproperty classType="Property" hasLink="false" humanType="Part Property" icon="model_files/icon_partproperty_1906102801.jpg" name="smsCtl : Application" owner="_18_5_3_4100178_1528595804244_905952_25010" refid="_18_5_3_4100178_1528596395355_472440_25855"/><generalization classType="Generalization" hasLink="false" humanType="Generalization" icon="model_files/icon_generalization_1186657657.jpg" isRelationship="true" owner="_18_5_3_4100178_1528595804244_905952_25010" refid="_18_5_3_4100178_1528595830665_33956_25055"/></ownedElement></block>