<?xml version="1.0" encoding="UTF-8"?><block classType="Class" hasChild="true" hasLink="true" humanType="Block" icon="model_files/icon_block_1637839270.jpg" name="Workcell" owner="_18_5_3_4100178_1528245235362_167672_16774" refid="_18_5_3_4100178_1527302110806_938649_14943"><ownedElement><diagram classType="Diagram" diagramType="sysmlinternalblockdiagram" hasLink="false" humanType="Diagram" icon="model_files/icon_SysML Internal Block Diagram_438580124.jpg" name="Workcell" owner="_18_5_3_4100178_1527302110806_938649_14943" refid="_18_5_3_4100178_1530484997639_421667_21685"/><partproperty classType="Property" hasLink="false" humanType="Part Property" icon="model_files/icon_partproperty_1906102801.jpg" name="CNC : CNC [0..*]" owner="_18_5_3_4100178_1527302110806_938649_14943" refid="_18_5_3_4100178_1527462149244_398151_52126"/><partproperty classType="Property" hasLink="false" humanType="Part Property" icon="model_files/icon_partproperty_1906102801.jpg" name="HMI : HMI [0..*]" owner="_18_5_3_4100178_1527302110806_938649_14943" refid="_18_5_3_4100178_1527462113539_114836_52027"/><referenceproperty classType="Property" hasLink="false" humanType="Reference Property" icon="model_files/icon_referenceproperty_1982646037.jpg" name="human : Human [0..*]" owner="_18_5_3_4100178_1527302110806_938649_14943" refid="_18_5_3_4100178_1527372629481_593053_18657"/><partproperty classType="Property" hasLink="false" humanType="Part Property" icon="model_files/icon_partproperty_1906102801.jpg" name="robotController : RobotController [0..*]" owner="_18_5_3_4100178_1527302110806_938649_14943" refid="_18_5_3_4100178_1527302139509_21305_15050"/><partproperty classType="Property" hasLink="false" humanType="Part Property" icon="model_files/icon_partproperty_1906102801.jpg" name="safety Monitor : Safety Controller [0..*]" owner="_18_5_3_4100178_1527302110806_938649_14943" refid="_18_5_3_4100178_1527302313602_599083_15504"/><partproperty classType="Property" hasLink="false" humanType="Part Property" icon="model_files/icon_partproperty_1906102801.jpg" name="sMS Agent : SMS Agent [0..*]" owner="_18_5_3_4100178_1527302110806_938649_14943" refid="_18_5_3_4100178_1527302243201_453528_15225"/><partproperty classType="Property" hasLink="false" humanType="Part Property" icon="model_files/icon_partproperty_1906102801.jpg" name="supervisor : PLC [0..*]" owner="_18_5_3_4100178_1527302110806_938649_14943" refid="_18_5_3_4100178_1527302277038_844550_15329"/><partproperty classType="Property" hasLink="false" humanType="Part Property" icon="model_files/icon_partproperty_1906102801.jpg" name="vision Processing : Vision Processor [0..*]" owner="_18_5_3_4100178_1527302110806_938649_14943" refid="_18_5_3_4100178_1527302293220_319467_15414"/></ownedElement></block>