<?xml version="1.0" encoding="UTF-8"?><package classType="Package" hasChild="true" hasLink="false" humanType="Package" icon="model_files/icon_package_1120670624.jpg" name="Safety" owner="_18_5_3_4100178_1528245235362_167672_16774" refid="_18_5_3_4100178_1527462947610_881113_52624"><ownedElement><diagram classType="Diagram" diagramType="sysmlblockdefinitiondiagram" hasLink="false" humanType="Diagram" icon="model_files/icon_SysML Block Definition Diagram_635657723.jpg" name="Safety" owner="_18_5_3_4100178_1527462947610_881113_52624" refid="_18_5_3_4100178_1528508134868_645979_32771"/><block classType="Class" hasChild="true" hasLink="true" humanType="Block" icon="model_files/icon_block_688025479.jpg" name="Collision Detection" owner="_18_5_3_4100178_1527462947610_881113_52624" refid="_18_5_3_4100178_1530140935098_379370_26890"/><block classType="Class" hasChild="true" hasLink="false" humanType="Block" icon="model_files/icon_block_688025479.jpg" name="Safety Controller" owner="_18_5_3_4100178_1527462947610_881113_52624" refid="_18_5_3_6410209_1526676772016_350200_14657"/><block classType="Class" hasLink="false" humanType="Block" icon="model_files/icon_block_688025479.jpg" name="Safety Device" owner="_18_5_3_4100178_1527462947610_881113_52624" refid="_18_5_3_6410209_1526676803082_644923_14717"/><association classType="Association" hasChild="true" hasLink="false" humanType="Association" icon="model_files/icon_association_184775615.jpg" isRelationship="true" name="Association[Safety Controller -&gt; collision Detection:Collision Detection]" owner="_18_5_3_4100178_1527462947610_881113_52624" refid="_18_5_3_4100178_1530140935143_713016_26892"/><association classType="Association" hasChild="true" hasLink="false" humanType="Association" icon="model_files/icon_association_1500703284.jpg" isRelationship="true" name="Association[Safety Controller -&gt; safety Devices:Safety Device]" owner="_18_5_3_4100178_1527462947610_881113_52624" refid="_18_5_3_6410209_1526940734882_713935_16889"/></ownedElement></package>