<?xml version="1.0" encoding="UTF-8"?><block classType="Class" hasChild="true" hasLink="true" humanType="Block" icon="model_files/icon_block_1637839270.jpg" name="Device" owner="_18_5_3_4100178_1530657874850_572349_15948" refid="_18_5_3_4100178_1528678165070_866630_21052"><ownedElement><diagram classType="Diagram" diagramType="sysmlinternalblockdiagram" hasLink="false" humanType="Diagram" icon="model_files/icon_SysML Internal Block Diagram_438580124.jpg" name="Device" owner="_18_5_3_4100178_1528678165070_866630_21052" refid="_18_5_3_4100178_1530480762647_479055_16039"/><block classType="Class" hasLink="false" humanType="Block" icon="model_files/icon_block_1637839270.jpg" name="data Bus" owner="_18_5_3_4100178_1528678165070_866630_21052" refid="_18_5_3_4100178_1527549704050_562500_21106"/><block classType="Class" hasLink="false" humanType="Block" icon="model_files/icon_block_1637839270.jpg" name="memory" owner="_18_5_3_4100178_1528678165070_866630_21052" refid="_18_5_3_4100178_1530326000658_573376_17787"/><block classType="Class" hasLink="false" humanType="Block" icon="model_files/icon_block_1637839270.jpg" name="nv memory" owner="_18_5_3_4100178_1528678165070_866630_21052" refid="_18_5_3_4100178_1530326035950_905710_17851"/><block classType="Class" hasLink="false" humanType="Block" icon="model_files/icon_block_1637839270.jpg" name="processor" owner="_18_5_3_4100178_1528678165070_866630_21052" refid="_18_5_3_4100178_1527549746262_427973_21226"/><referenceproperty classType="Property" hasLink="false" humanType="Reference Property" icon="model_files/icon_referenceproperty_164908884.jpg" name="apps : Application [1..*]" owner="_18_5_3_4100178_1528678165070_866630_21052" refid="_18_5_3_4100178_1528052652158_454269_44376"/><partproperty classType="Property" hasLink="false" humanType="Part Property" icon="model_files/icon_partproperty_1906102801.jpg" name="data Bus : data Bus [1..*]" owner="_18_5_3_4100178_1528678165070_866630_21052" refid="_18_5_3_4100178_1528506639841_213827_31033"/><partproperty classType="Property" hasLink="false" humanType="Part Property" icon="model_files/icon_partproperty_1906102801.jpg" name="memory : memory" owner="_18_5_3_4100178_1528678165070_866630_21052" refid="_18_5_3_4100178_1530326000704_77629_17790"/><partproperty classType="Property" hasLink="false" humanType="Part Property" icon="model_files/icon_partproperty_1906102801.jpg" name="nv memory : nv memory" owner="_18_5_3_4100178_1528678165070_866630_21052" refid="_18_5_3_4100178_1530326035998_283059_17854"/><partproperty classType="Property" hasLink="false" humanType="Part Property" icon="model_files/icon_partproperty_1906102801.jpg" name="processor : processor [1..*]" owner="_18_5_3_4100178_1528678165070_866630_21052" refid="_18_5_3_4100178_1528506613321_241749_30998"/></ownedElement></block>