<?xml version="1.0" encoding="UTF-8"?><package classType="Package" hasChild="true" hasLink="false" humanType="Package" icon="model_files/icon_package_1120670624.jpg" name="Human" owner="_18_5_3_4100178_1528245235362_167672_16774" refid="_18_5_3_4100178_1528244168465_146740_15753"><ownedElement><diagram classType="Diagram" diagramType="sysmlblockdefinitiondiagram" hasLink="false" humanType="Diagram" icon="model_files/icon_SysML Block Definition Diagram_635657723.jpg" name="Human" owner="_18_5_3_4100178_1528244168465_146740_15753" refid="_18_5_3_4100178_1528507898289_194107_32169"/><block classType="Class" hasChild="true" hasLink="true" humanType="Block" icon="model_files/icon_block_688025479.jpg" name="Human" owner="_18_5_3_4100178_1528244168465_146740_15753" refid="_18_5_3_6410209_1526676708485_228813_14405"/><constraintblock classType="Class" hasChild="true" hasLink="false" humanType="Constraint Block" icon="model_files/icon_constraintblock_2047704401.jpg" name="Tasks" owner="_18_5_3_4100178_1528244168465_146740_15753" refid="_18_5_3_4100178_1530188625872_551426_27578"/><association classType="Association" hasChild="true" hasLink="false" humanType="Association" icon="model_files/icon_association_184775615.jpg" isRelationship="true" name="Association[Human -&gt; Portable Devices:Wireless Device]" owner="_18_5_3_4100178_1528244168465_146740_15753" refid="_18_5_3_4100178_1530188012704_733181_27353"/><association classType="Association" hasChild="true" hasLink="false" humanType="Association" icon="model_files/icon_association_184775615.jpg" isRelationship="true" name="Association[Human -&gt; motion:Linear Motion]" owner="_18_5_3_4100178_1528244168465_146740_15753" refid="_18_5_3_4100178_1530188114977_136028_27527"/><association classType="Association" hasChild="true" hasLink="false" humanType="Association" icon="model_files/icon_association_184775615.jpg" isRelationship="true" name="Association[Human -&gt; tasks:Tasks]" owner="_18_5_3_4100178_1528244168465_146740_15753" refid="_18_5_3_4100178_1530188662967_344309_27616"/></ownedElement></package>