<?xml version="1.0" encoding="UTF-8"?><magicdraw><model classType="Model" humanType="Model" icon="model_files/icon_model_1991094835.jpg" id="eee_1045467100313_135436_1"><APPLIED_PROFILES humanName="Applied Profile"><profile classType="Profile" humanType="Profile" icon="model_files/icon_profile_1769227988.jpg" name="SysML" refid="_11_5EAPbeta_be00301_1147434586638_637562_1900"/></APPLIED_PROFILES><appliedProfile humanName="Applied Profile"><profile classType="Profile" humanType="Profile" icon="model_files/icon_profile_1769227988.jpg" name="SysML" refid="_11_5EAPbeta_be00301_1147434586638_637562_1900"/></appliedProfile><APPLIED_STEREOTYPES humanName="Applied Stereotype" mode="s,e"><stereotype classType="Stereotype" humanType="Stereotype" icon="model_files/icon_stereotype_289711450.jpg" name="Info" refid="_15_5EAPbeta1_8f90291_1207743469046_796042_162"/></APPLIED_STEREOTYPES><appliedStereotype humanName="Applied Stereotype" mode="s,e"><stereotype classType="Stereotype" humanType="Stereotype" icon="model_files/icon_stereotype_289711450.jpg" name="Info" refid="_15_5EAPbeta1_8f90291_1207743469046_796042_162"><property classType="Property" humanName="Author" humanType="Property" icon="model_files/icon_property_2066076187.jpg" name="author" refid="_15_5EAPbeta1_8f90291_1207743485609_67034_173"><String>Richard Candell</String></property><property classType="Property" humanName="Base_ Package" humanType="Property" icon="model_files/icon_property_2066076187.jpg" name="base_Package" refid="_15_5EAPbeta1_8f90291_1207743481843_639598_169"/><property classType="Property" humanName="Version" humanType="Property" icon="model_files/icon_property_2066076187.jpg" name="version" refid="_15_5EAPbeta1_8f90291_1207743504609_429433_174"><String>1.0</String></property></stereotype></appliedStereotype><appliedStereotypeInstance classType="InstanceSpecification" humanName="Applied Stereotype Instance" humanType="Instance Specification" icon="model_files/icon_instancespecification_814245389.jpg" name="NA" refid="_18_5_3_4100178_1530485764977_420619_22689"/><documentation humanName="Documentation">Author: Richard Candell.
Created:4/28/18 5:10 PM.
Title: Wireless factory work-cell.
Comment: This model is maintained at https://github.com/rcandell/wireless-factory-sysml.  Please reference this model by citing the DOI provided in the following BIBTEK entry:

TODO ADD BIBTEX FOR MODEL
</documentation><documentation humanName="Documentation" mode="standard">Author: Richard Candell.
Created:4/28/18 5:10 PM.
Title: Wireless factory work-cell.
Comment: This model is maintained at https://github.com/rcandell/wireless-factory-sysml.  Please reference this model by citing the DOI provided in the following BIBTEK entry:

TODO ADD BIBTEX FOR MODEL
</documentation><member humanName="Member"><package classType="Package" humanType="Package" icon="model_files/icon_package_1120670624.jpg" name="Conceptual Examples" refid="_18_5_3_4100178_1528052652126_224371_44298"/><package classType="Package" humanType="Package" icon="model_files/icon_package_1120670624.jpg" name="Factory Workcell" refid="_18_5_3_4100178_1528245235362_167672_16774"/><package classType="Package" humanType="Package" icon="model_files/icon_package_789599832.jpg" name="ISO-80000" refid="cad57231-da70-4698-9930-327efc8023f2"/><package classType="Package" humanType="Package" icon="model_files/icon_package_1120670624.jpg" name="MD Customization for Requirements" refid="_18_0beta_8f90291_1391000707955_594012_6218"/><package classType="Package" humanType="Package" icon="model_files/icon_package_1120670624.jpg" name="MD Customization for SysML" refid="_12_0EAPbeta_be00301_1156851270584_552173_1"/><package classType="Package" humanType="Package" icon="model_files/icon_package_1120670624.jpg" name="MD Customization for ViewsViewpoints" refid="_18_0beta_9150291_1392280884421_448498_10673"/><diagram classType="Diagram" humanType="Diagram" icon="model_files/icon_SysML Package Diagram_1926475315.jpg" name="Model" refid="_18_5_3_4100178_1530534633719_649694_15395"/><profile classType="Profile" humanType="Profile" icon="model_files/icon_profile_1769227988.jpg" name="SysML" refid="_11_5EAPbeta_be00301_1147434586638_637562_1900"/><package classType="Package" humanType="Package" icon="model_files/icon_package_1120670624.jpg" name="UML Standard Profile" refid="magicdraw_uml_standard_profile_v_0001"/></member><name humanName="Name" mode="s,e">Model</name><nestedPackage humanName="Nested Package"><package classType="Package" humanType="Package" icon="model_files/icon_package_1120670624.jpg" name="Conceptual Examples" refid="_18_5_3_4100178_1528052652126_224371_44298"/><package classType="Package" humanType="Package" icon="model_files/icon_package_1120670624.jpg" name="Factory Workcell" refid="_18_5_3_4100178_1528245235362_167672_16774"/><package classType="Package" humanType="Package" icon="model_files/icon_package_789599832.jpg" name="ISO-80000" refid="cad57231-da70-4698-9930-327efc8023f2"/><package classType="Package" humanType="Package" icon="model_files/icon_package_1120670624.jpg" name="MD Customization for Requirements" refid="_18_0beta_8f90291_1391000707955_594012_6218"/><package classType="Package" humanType="Package" icon="model_files/icon_package_1120670624.jpg" name="MD Customization for SysML" refid="_12_0EAPbeta_be00301_1156851270584_552173_1"/><package classType="Package" humanType="Package" icon="model_files/icon_package_1120670624.jpg" name="MD Customization for ViewsViewpoints" refid="_18_0beta_9150291_1392280884421_448498_10673"/><profile classType="Profile" humanType="Profile" icon="model_files/icon_profile_1769227988.jpg" name="SysML" refid="_11_5EAPbeta_be00301_1147434586638_637562_1900"/><package classType="Package" humanType="Package" icon="model_files/icon_package_1120670624.jpg" name="UML Standard Profile" refid="magicdraw_uml_standard_profile_v_0001"/></nestedPackage><ownedComment humanName="Owned Comment"><comment classType="Comment" humanType="Comment" icon="model_files/icon_comment_890486828.jpg" refid="_18_5_3_6410209_1524949810196_902349_14033"/></ownedComment><ownedDiagram humanName="Owned Diagram"><diagram classType="Diagram" humanType="Diagram" icon="model_files/icon_SysML Package Diagram_1926475315.jpg" name="Model" refid="_18_5_3_4100178_1530534633719_649694_15395"/></ownedDiagram><ownedElement humanName="Owned Element"><profileapplication classType="ProfileApplication" humanType="Profile Application" icon="model_files/icon_profileapplication_1219553025.jpg" isRelationship="true" refid="_18_5_3_6410209_1524949810196_183151_14032"/><comment classType="Comment" humanType="Comment" icon="model_files/icon_comment_890486828.jpg" refid="_18_5_3_6410209_1524949810196_902349_14033"/><package classType="Package" humanType="Package" icon="model_files/icon_package_1120670624.jpg" name="Conceptual Examples" refid="_18_5_3_4100178_1528052652126_224371_44298"/><package classType="Package" humanType="Package" icon="model_files/icon_package_1120670624.jpg" name="Factory Workcell" refid="_18_5_3_4100178_1528245235362_167672_16774"/><package classType="Package" humanType="Package" icon="model_files/icon_package_789599832.jpg" name="ISO-80000" refid="cad57231-da70-4698-9930-327efc8023f2"/><package classType="Package" humanType="Package" icon="model_files/icon_package_1120670624.jpg" name="MD Customization for Requirements" refid="_18_0beta_8f90291_1391000707955_594012_6218"/><package classType="Package" humanType="Package" icon="model_files/icon_package_1120670624.jpg" name="MD Customization for SysML" refid="_12_0EAPbeta_be00301_1156851270584_552173_1"/><package classType="Package" humanType="Package" icon="model_files/icon_package_1120670624.jpg" name="MD Customization for ViewsViewpoints" refid="_18_0beta_9150291_1392280884421_448498_10673"/><diagram classType="Diagram" humanType="Diagram" icon="model_files/icon_SysML Package Diagram_1926475315.jpg" name="Model" refid="_18_5_3_4100178_1530534633719_649694_15395"/><instancespecification classType="InstanceSpecification" humanType="Instance Specification" icon="model_files/icon_instancespecification_814245389.jpg" name="NA" refid="_18_5_3_4100178_1530485764977_420619_22689"/><profile classType="Profile" humanType="Profile" icon="model_files/icon_profile_1769227988.jpg" name="SysML" refid="_11_5EAPbeta_be00301_1147434586638_637562_1900"/><package classType="Package" humanType="Package" icon="model_files/icon_package_1120670624.jpg" name="UML Standard Profile" refid="magicdraw_uml_standard_profile_v_0001"/></ownedElement><ownedMember humanName="Owned Member"><package classType="Package" humanType="Package" icon="model_files/icon_package_1120670624.jpg" name="Conceptual Examples" refid="_18_5_3_4100178_1528052652126_224371_44298"/><package classType="Package" humanType="Package" icon="model_files/icon_package_1120670624.jpg" name="Factory Workcell" refid="_18_5_3_4100178_1528245235362_167672_16774"/><package classType="Package" humanType="Package" icon="model_files/icon_package_789599832.jpg" name="ISO-80000" refid="cad57231-da70-4698-9930-327efc8023f2"/><package classType="Package" humanType="Package" icon="model_files/icon_package_1120670624.jpg" name="MD Customization for Requirements" refid="_18_0beta_8f90291_1391000707955_594012_6218"/><package classType="Package" humanType="Package" icon="model_files/icon_package_1120670624.jpg" name="MD Customization for SysML" refid="_12_0EAPbeta_be00301_1156851270584_552173_1"/><package classType="Package" humanType="Package" icon="model_files/icon_package_1120670624.jpg" name="MD Customization for ViewsViewpoints" refid="_18_0beta_9150291_1392280884421_448498_10673"/><diagram classType="Diagram" humanType="Diagram" icon="model_files/icon_SysML Package Diagram_1926475315.jpg" name="Model" refid="_18_5_3_4100178_1530534633719_649694_15395"/><profile classType="Profile" humanType="Profile" icon="model_files/icon_profile_1769227988.jpg" name="SysML" refid="_11_5EAPbeta_be00301_1147434586638_637562_1900"/><package classType="Package" humanType="Package" icon="model_files/icon_package_1120670624.jpg" name="UML Standard Profile" refid="magicdraw_uml_standard_profile_v_0001"/></ownedMember><packagedElement humanName="Packaged Element"><package classType="Package" humanType="Package" icon="model_files/icon_package_1120670624.jpg" name="Conceptual Examples" refid="_18_5_3_4100178_1528052652126_224371_44298"/><package classType="Package" humanType="Package" icon="model_files/icon_package_1120670624.jpg" name="Factory Workcell" refid="_18_5_3_4100178_1528245235362_167672_16774"/><package classType="Package" humanType="Package" icon="model_files/icon_package_789599832.jpg" name="ISO-80000" refid="cad57231-da70-4698-9930-327efc8023f2"/><package classType="Package" humanType="Package" icon="model_files/icon_package_1120670624.jpg" name="MD Customization for Requirements" refid="_18_0beta_8f90291_1391000707955_594012_6218"/><package classType="Package" humanType="Package" icon="model_files/icon_package_1120670624.jpg" name="MD Customization for SysML" refid="_12_0EAPbeta_be00301_1156851270584_552173_1"/><package classType="Package" humanType="Package" icon="model_files/icon_package_1120670624.jpg" name="MD Customization for ViewsViewpoints" refid="_18_0beta_9150291_1392280884421_448498_10673"/><profile classType="Profile" humanType="Profile" icon="model_files/icon_profile_1769227988.jpg" name="SysML" refid="_11_5EAPbeta_be00301_1147434586638_637562_1900"/><package classType="Package" humanType="Package" icon="model_files/icon_package_1120670624.jpg" name="UML Standard Profile" refid="magicdraw_uml_standard_profile_v_0001"/></packagedElement><profileApplication humanName="Profile Application"><profileapplication classType="ProfileApplication" humanType="Profile Application" icon="model_files/icon_profileapplication_1219553025.jpg" isRelationship="true" refid="_18_5_3_6410209_1524949810196_183151_14032"/></profileApplication><qualifiedName humanName="Qualified Name" mode="e">Model</qualifiedName><TO_DO humanName="To Do" mode="s,e">NA</TO_DO><URI humanName="URI" mode="s,e">NA</URI><viewpoint humanName="Viewpoint">NA</viewpoint><visibility humanName="Visibility">public</visibility></model></magicdraw>