<?xml version="1.0" encoding="UTF-8"?><diagramtype hasChild="true" name="SysML Block Definition Diagram" refid="sysmlblockdefinitiondiagram"><diagram classType="Diagram" humanType="Diagram" icon="model_files/icon_SysML Block Definition Diagram_635657723.jpg" name="Application" refid="_18_5_3_4100178_1530483056087_689228_18384"/><diagram classType="Diagram" humanType="Diagram" icon="model_files/icon_SysML Block Definition Diagram_635657723.jpg" name="CNC" refid="_18_5_3_4100178_1528597310586_952070_26421"/><diagram classType="Diagram" humanType="Diagram" icon="model_files/icon_SysML Block Definition Diagram_635657723.jpg" name="Collision Detection" refid="_18_5_3_4100178_1530141030073_263969_26959"/><diagram classType="Diagram" humanType="Diagram" icon="model_files/icon_SysML Block Definition Diagram_635657723.jpg" name="Conceptual" refid="_18_5_3_4100178_1528052652130_247719_44302"/><diagram classType="Diagram" humanType="Diagram" icon="model_files/icon_SysML Block Definition Diagram_635657723.jpg" name="Conceptual Examples" refid="_18_5_3_4100178_1530658436169_700935_16546"/><diagram classType="Diagram" humanType="Diagram" icon="model_files/icon_SysML Block Definition Diagram_635657723.jpg" name="Device" refid="_18_5_3_4100178_1530325986025_75707_17591"/><diagram classType="Diagram" humanType="Diagram" icon="model_files/icon_SysML Block Definition Diagram_635657723.jpg" name="Devices" refid="_18_5_3_4100178_1528243844351_763913_14965"/><diagram classType="Diagram" humanType="Diagram" icon="model_files/icon_SysML Block Definition Diagram_635657723.jpg" name="Factory Workcell" refid="_18_5_3_4100178_1530658513051_99425_16776"/><diagram classType="Diagram" humanType="Diagram" icon="model_files/icon_SysML Block Definition Diagram_635657723.jpg" name="Human" refid="_18_5_3_4100178_1528507898289_194107_32169"/><diagram classType="Diagram" humanType="Diagram" icon="model_files/icon_SysML Block Definition Diagram_635657723.jpg" name="IWN" refid="_18_5_3_4100178_1530482182478_735547_17442"/><diagram classType="Diagram" humanType="Diagram" icon="model_files/icon_SysML Block Definition Diagram_635657723.jpg" name="Motion" refid="_18_5_3_4100178_1530242627192_177826_29642"/><diagram classType="Diagram" humanType="Diagram" icon="model_files/icon_SysML Block Definition Diagram_635657723.jpg" name="network-constraints" refid="_18_5_3_4100178_1530241086399_27115_28935"/><diagram classType="Diagram" humanType="Diagram" icon="model_files/icon_SysML Block Definition Diagram_635657723.jpg" name="PLC" refid="_18_5_3_4100178_1528594972241_890527_24421"/><diagram classType="Diagram" humanType="Diagram" icon="model_files/icon_SysML Block Definition Diagram_635657723.jpg" name="radio-impairments" refid="_18_5_3_4100178_1528249630922_601870_21982"/><diagram classType="Diagram" humanType="Diagram" icon="model_files/icon_SysML Block Definition Diagram_635657723.jpg" name="Robotics" refid="_18_5_3_4100178_1528508016546_693823_32554"/><diagram classType="Diagram" humanType="Diagram" icon="model_files/icon_SysML Block Definition Diagram_635657723.jpg" name="Robotics" refid="_18_5_3_4100178_1530286321796_834974_30027"/><diagram classType="Diagram" humanType="Diagram" icon="model_files/icon_SysML Block Definition Diagram_635657723.jpg" name="Robotics-application" refid="_18_5_3_4100178_1530325380886_497266_16773"/><diagram classType="Diagram" humanType="Diagram" icon="model_files/icon_SysML Block Definition Diagram_635657723.jpg" name="Safety" refid="_18_5_3_4100178_1528508134868_645979_32771"/><diagram classType="Diagram" humanType="Diagram" icon="model_files/icon_SysML Block Definition Diagram_635657723.jpg" name="SMS" refid="_18_5_3_4100178_1527686956859_657383_24386"/><diagram classType="Diagram" humanType="Diagram" icon="model_files/icon_SysML Block Definition Diagram_635657723.jpg" name="SMS-interfaces" refid="_18_5_3_4100178_1528591907425_67302_22318"/><diagram classType="Diagram" humanType="Diagram" icon="model_files/icon_SysML Block Definition Diagram_635657723.jpg" name="Test Device" refid="_18_5_3_4100178_1530388078310_873646_17371"/><diagram classType="Diagram" humanType="Diagram" icon="model_files/icon_SysML Block Definition Diagram_635657723.jpg" name="Time" refid="_18_5_3_4100178_1528723189557_139983_22370"/><diagram classType="Diagram" humanType="Diagram" icon="model_files/icon_SysML Block Definition Diagram_635657723.jpg" name="Vision" refid="_18_5_3_4100178_1528509453330_454675_33949"/><diagram classType="Diagram" humanType="Diagram" icon="model_files/icon_SysML Block Definition Diagram_635657723.jpg" name="Wireless Device" refid="_18_5_3_4100178_1530483460252_375850_19061"/><diagram classType="Diagram" humanType="Diagram" icon="model_files/icon_SysML Block Definition Diagram_635657723.jpg" name="Workcell-control" refid="_18_5_3_4100178_1527536419466_340235_17153"/><diagram classType="Diagram" humanType="Diagram" icon="model_files/icon_SysML Block Definition Diagram_635657723.jpg" name="Workcell-edge" refid="_18_5_3_6410209_1524950149051_678682_14102"/><diagram classType="Diagram" humanType="Diagram" icon="model_files/icon_SysML Block Definition Diagram_635657723.jpg" name="Workcell-robot" refid="_18_5_3_4100178_1527546630602_747749_19567"/></diagramtype>